Date;HomeTeam;AwayTeam;FTHG;FTAG;FTR;HTHG;HTAG;HTR;Referee;HS;AS;HST;AST;HF;AF;HC;AC;HY;AY;HR;AR
05/08/2022;Lyon;Ajaccio;2;1;H;2;1;H;;11;8;6;4;10;18;4;3;1;6;1;1
06/08/2022;Strasbourg;Monaco;1;2;A;0;1;A;;11;24;7;11;18;15;3;7;0;2;0;0
06/08/2022;Clermont;Paris SG;0;5;A;0;3;A;;7;18;1;12;13;13;0;6;2;1;0;0
07/08/2022;Toulouse;Nice;1;1;D;1;0;H;;6;11;4;4;10;8;6;3;1;2;0;0
07/08/2022;Angers;Nantes;0;0;D;0;0;D;;16;14;6;4;15;13;3;6;3;3;0;0
07/08/2022;Lens;Brest;3;2;H;1;0;H;;17;6;7;4;16;14;6;3;2;4;0;0
07/08/2022;Lille;Auxerre;4;1;H;3;0;H;;16;10;7;2;10;9;7;2;2;1;0;0
07/08/2022;Montpellier;Troyes;3;2;H;2;2;D;;17;15;6;10;13;10;3;6;1;0;0;0
07/08/2022;Rennes;Lorient;0;1;A;0;0;D;;21;8;6;2;11;5;7;2;3;1;0;0
07/08/2022;Marseille;Reims;4;1;H;2;0;H;;16;16;6;6;14;10;6;7;2;0;0;0
12/08/2022;Nantes;Lille;1;1;D;1;0;H;;10;16;1;5;14;10;5;11;1;4;0;0
13/08/2022;Monaco;Rennes;1;1;D;0;0;D;;12;24;4;8;6;11;1;6;0;3;1;0
13/08/2022;Paris SG;Montpellier;5;2;H;2;0;H;;20;7;10;4;15;18;11;0;2;1;0;0
14/08/2022;Ajaccio;Lens;0;0;D;0;0;D;;9;12;2;3;16;18;1;3;5;2;0;0
14/08/2022;Auxerre;Angers;2;2;D;2;1;H;;11;11;4;2;10;16;4;5;5;3;1;0
14/08/2022;Reims;Clermont;2;4;A;2;0;H;;9;10;6;5;18;8;1;6;3;3;1;0
14/08/2022;Troyes;Toulouse;0;3;A;0;1;A;;12;10;2;4;14;19;6;6;2;1;0;0
14/08/2022;Nice;Strasbourg;1;1;D;1;0;H;;13;9;3;5;7;13;7;3;1;4;0;0
14/08/2022;Brest;Marseille;1;1;D;0;1;A;;17;5;5;2;10;15;7;5;1;4;0;0
19/08/2022;Lyon;Troyes;4;1;H;1;1;D;;16;4;8;1;9;7;4;5;0;1;0;0
20/08/2022;Monaco;Lens;1;4;A;1;2;A;;12;14;5;6;18;13;3;5;4;0;1;0
20/08/2022;Marseille;Nantes;2;1;H;0;0;D;;16;12;5;3;15;6;7;4;5;1;1;0
21/08/2022;Strasbourg;Reims;1;1;D;1;0;H;;12;12;3;6;12;16;5;4;1;4;0;0
21/08/2022;Angers;Brest;1;3;A;0;2;A;;7;11;5;7;9;10;3;6;2;0;1;0
21/08/2022;Clermont;Nice;1;0;H;1;0;H;;7;13;2;4;4;21;3;6;1;2;0;2
21/08/2022;Montpellier;Auxerre;1;2;A;1;0;H;;13;7;7;2;10;13;7;2;1;3;2;2
21/08/2022;Toulouse;Lorient;2;2;D;1;1;D;;16;14;8;4;14;10;3;6;2;1;0;0
21/08/2022;Rennes;Ajaccio;2;1;H;1;0;H;;16;10;7;3;13;11;4;8;5;2;2;0
21/08/2022;Lille;Paris SG;1;7;A;0;4;A;;16;16;10;9;13;8;2;4;2;1;0;0
26/08/2022;Ajaccio;Lille;1;3;A;0;2;A;;13;7;2;4;13;13;6;0;3;2;0;0
27/08/2022;Auxerre;Strasbourg;1;0;H;1;0;H;;7;14;3;4;4;6;2;5;0;1;0;0
27/08/2022;Lens;Rennes;2;1;H;0;0;D;;17;12;4;6;15;13;7;2;0;1;0;0
28/08/2022;Nantes;Toulouse;3;1;H;0;1;A;;16;9;8;3;11;9;4;5;0;3;0;0
28/08/2022;Brest;Montpellier;0;7;A;0;5;A;;6;14;0;8;15;16;5;4;0;2;1;0
28/08/2022;Lorient;Clermont;2;1;H;2;0;H;;22;9;9;2;12;9;3;4;1;3;0;1
28/08/2022;Nice;Marseille;0;3;A;0;3;A;;16;13;2;4;7;15;7;5;1;1;0;0
28/08/2022;Troyes;Angers;3;1;H;1;0;H;;25;7;11;3;8;12;8;3;2;3;0;1
28/08/2022;Reims;Lyon;1;1;D;1;0;H;;8;18;5;5;12;12;2;7;1;1;1;0
28/08/2022;Paris SG;Monaco;1;1;D;0;1;A;;18;4;5;3;12;15;4;3;4;4;0;0
31/08/2022;Angers;Reims;2;4;A;0;2;A;;10;11;3;5;9;15;4;3;1;6;0;1
31/08/2022;Lyon;Auxerre;2;1;H;1;0;H;;20;6;8;2;13;13;9;3;0;2;0;0
31/08/2022;Monaco;Troyes;2;4;A;1;2;A;;8;19;6;11;13;11;8;6;3;1;1;0
31/08/2022;Montpellier;Ajaccio;2;0;H;1;0;H;;9;15;4;0;9;17;3;8;2;4;1;1
31/08/2022;Strasbourg;Nantes;1;1;D;1;0;H;;5;12;2;3;13;18;3;6;0;3;0;0
31/08/2022;Lens;Lorient;5;2;H;2;1;H;;15;10;8;3;10;6;4;5;1;3;0;0
31/08/2022;Lille;Nice;1;2;A;1;2;A;;18;3;6;2;15;21;6;3;1;4;0;0
31/08/2022;Marseille;Clermont;1;0;H;0;0;D;;21;3;7;0;16;12;7;1;2;2;0;0
31/08/2022;Rennes;Brest;3;1;H;0;0;D;;16;7;9;2;11;6;7;3;2;0;0;0
31/08/2022;Toulouse;Paris SG;0;3;A;0;1;A;;14;20;7;13;10;7;3;9;1;0;0;0
03/09/2022;Auxerre;Marseille;0;2;A;0;1;A;;8;15;2;7;8;14;4;1;1;1;0;0
03/09/2022;Lyon;Angers;5;0;H;2;0;H;;16;8;9;3;5;9;13;3;2;1;0;0
03/09/2022;Nantes;Paris SG;0;3;A;0;1;A;;10;19;1;7;6;12;1;7;1;4;1;0
04/09/2022;Montpellier;Lille;1;3;A;1;1;D;;4;26;2;7;8;11;1;9;0;4;1;0
04/09/2022;Ajaccio;Lorient;0;1;A;0;0;D;;16;7;3;4;16;12;3;3;4;1;0;0
04/09/2022;Brest;Strasbourg;1;1;D;1;1;D;;11;10;2;3;15;9;7;3;3;1;0;1
04/09/2022;Clermont;Toulouse;2;0;H;0;0;D;;12;14;3;4;14;12;4;6;4;1;0;0
04/09/2022;Reims;Lens;1;1;D;0;0;D;;17;20;4;4;9;11;4;4;2;2;0;1
04/09/2022;Troyes;Rennes;1;1;D;1;0;H;;9;19;1;6;13;22;3;5;2;2;1;0
04/09/2022;Nice;Monaco;0;1;A;0;0;D;;12;14;5;2;10;12;3;6;2;1;0;0
07/09/2022;Lorient;Lyon;3;1;H;2;1;H;;11;15;6;7;8;18;1;6;1;3;0;0
09/09/2022;Lens;Troyes;1;0;H;1;0;H;;12;7;3;2;16;10;9;1;2;1;0;0
10/09/2022;Paris SG;Brest;1;0;H;1;0;H;;13;6;4;3;13;16;3;5;4;2;0;0
10/09/2022;Marseille;Lille;2;1;H;1;1;D;;14;7;7;3;22;17;4;3;5;1;0;0
11/09/2022;Strasbourg;Clermont;0;0;D;0;0;D;;12;10;4;4;20;15;3;5;4;2;1;0
11/09/2022;Ajaccio;Nice;0;1;A;0;0;D;;9;12;3;3;9;11;2;3;1;5;0;0
11/09/2022;Angers;Montpellier;2;1;H;1;1;D;;11;7;5;2;15;12;2;5;2;4;0;0
11/09/2022;Lorient;Nantes;3;2;H;1;1;D;;13;9;5;4;9;17;2;5;2;3;0;0
11/09/2022;Toulouse;Reims;1;0;H;1;0;H;;14;11;3;1;17;11;4;6;2;2;0;1
11/09/2022;Rennes;Auxerre;5;0;H;1;0;H;;12;7;9;3;11;9;2;1;1;0;0;0
11/09/2022;Monaco;Lyon;2;1;H;0;0;D;;11;20;4;6;12;9;1;6;1;2;0;0
16/09/2022;Auxerre;Lorient;1;3;A;0;3;A;;17;12;5;8;13;11;9;5;3;1;0;0
17/09/2022;Montpellier;Strasbourg;2;1;H;1;0;H;;10;8;4;2;11;20;8;6;4;4;0;0
17/09/2022;Lille;Toulouse;2;1;H;1;0;H;;10;14;4;5;20;14;5;7;2;0;0;0
18/09/2022;Reims;Monaco;0;3;A;0;0;D;;9;20;2;11;14;16;5;4;3;3;1;0
18/09/2022;Brest;Ajaccio;0;1;A;0;0;D;;8;6;4;4;13;12;6;2;2;2;0;0
18/09/2022;Clermont;Troyes;1;3;A;1;1;D;;14;9;2;4;8;15;5;1;0;3;0;0
18/09/2022;Marseille;Rennes;1;1;D;0;1;A;;15;12;4;4;13;13;11;7;3;4;0;0
18/09/2022;Nice;Angers;0;1;A;0;1;A;;18;16;5;3;9;11;5;4;0;4;1;1
18/09/2022;Nantes;Lens;0;0;D;0;0;D;;12;8;4;2;14;14;3;7;1;1;0;0
18/09/2022;Lyon;Paris SG;0;1;A;0;1;A;;12;15;3;8;14;4;3;7;0;2;0;0
30/09/2022;Angers;Marseille;0;3;A;0;1;A;;16;15;5;7;9;14;6;3;0;0;0;0
01/10/2022;Strasbourg;Rennes;1;3;A;0;1;A;;9;17;3;7;9;13;1;5;0;2;1;0
01/10/2022;Paris SG;Nice;2;1;H;1;0;H;;12;4;4;1;16;9;4;0;1;1;0;0
02/10/2022;Lorient;Lille;2;1;H;1;0;H;;7;20;4;4;13;14;0;14;3;3;1;0
02/10/2022;Ajaccio;Clermont;1;3;A;0;1;A;;12;7;3;3;13;10;4;4;3;3;0;0
02/10/2022;Auxerre;Brest;1;1;D;0;0;D;;11;9;3;2;15;18;0;6;4;4;1;0
02/10/2022;Toulouse;Montpellier;4;2;H;3;1;H;;12;23;6;6;13;6;3;12;5;4;1;0
02/10/2022;Troyes;Reims;2;2;D;0;1;A;;19;5;6;2;13;13;10;2;4;2;0;1
02/10/2022;Monaco;Nantes;4;1;H;3;0;H;;10;7;6;2;8;10;7;7;0;1;0;0
02/10/2022;Lens;Lyon;1;0;H;0;0;D;;21;4;6;0;19;16;6;2;2;2;0;0
07/10/2022;Lyon;Toulouse;1;1;D;1;0;H;;19;5;8;2;13;11;4;5;2;2;0;0
08/10/2022;Marseille;Ajaccio;1;2;A;1;1;D;;10;6;2;1;17;18;11;2;0;2;0;0
08/10/2022;Reims;Paris SG;0;0;D;0;0;D;;24;11;4;3;20;12;7;3;3;5;0;1
09/10/2022;Montpellier;Monaco;0;2;A;0;1;A;;11;11;1;7;13;16;7;2;2;3;0;0
09/10/2022;Angers;Strasbourg;2;3;A;1;2;A;;14;15;8;7;16;14;6;6;1;1;0;0
09/10/2022;Brest;Lorient;1;2;A;1;1;D;;12;14;4;5;14;13;7;8;3;1;0;0
09/10/2022;Clermont;Auxerre;2;1;H;0;0;D;;10;14;6;5;4;17;4;4;0;0;0;0
09/10/2022;Nice;Troyes;3;2;H;2;0;H;;14;17;6;6;8;9;5;5;1;1;0;0
09/10/2022;Rennes;Nantes;3;0;H;1;0;H;;14;8;4;3;13;14;4;3;1;0;1;0
09/10/2022;Lille;Lens;1;0;H;1;0;H;;12;10;6;3;19;15;5;9;3;5;0;0
14/10/2022;Strasbourg;Lille;0;3;A;0;1;A;;12;10;1;7;12;17;3;0;3;1;0;0
15/10/2022;Lorient;Reims;0;0;D;0;0;D;;10;7;3;2;10;17;2;2;1;3;0;2
15/10/2022;Lens;Montpellier;1;0;H;0;0;D;;17;8;5;1;12;10;4;5;2;2;0;0
16/10/2022;Toulouse;Angers;3;2;H;2;1;H;;14;13;7;6;12;15;2;8;3;2;0;0
16/10/2022;Auxerre;Nice;1;1;D;1;1;D;;11;9;3;2;11;3;2;6;0;0;0;0
16/10/2022;Nantes;Brest;4;1;H;2;1;H;;17;11;6;2;12;10;7;5;0;2;0;0
16/10/2022;Rennes;Lyon;3;2;H;1;1;D;;14;7;5;5;13;14;3;2;2;2;0;0
16/10/2022;Troyes;Ajaccio;1;1;D;0;0;D;;9;15;2;7;8;14;3;5;2;1;0;0
16/10/2022;Monaco;Clermont;1;1;D;1;0;H;;6;21;4;7;8;11;3;4;2;4;1;0
16/10/2022;Paris SG;Marseille;1;0;H;1;0;H;;23;18;8;7;9;16;7;6;1;0;0;1
21/10/2022;Ajaccio;Paris SG;0;3;A;0;1;A;;8;11;1;6;13;13;3;8;0;1;0;0
22/10/2022;Montpellier;Lyon;1;2;A;0;1;A;;10;21;4;10;9;18;4;7;2;2;1;1
22/10/2022;Marseille;Lens;0;1;A;0;0;D;;13;12;3;4;19;20;7;3;3;3;0;0
23/10/2022;Angers;Rennes;1;2;A;0;1;A;;7;14;2;5;9;11;5;6;2;2;0;0
23/10/2022;Clermont;Brest;1;3;A;0;1;A;;14;19;4;11;10;17;7;4;4;1;0;0
23/10/2022;Reims;Auxerre;2;1;H;1;1;D;;19;10;10;2;13;12;8;2;4;0;0;0
23/10/2022;Toulouse;Strasbourg;2;2;D;1;0;H;;17;11;6;5;14;8;6;6;2;1;1;0
23/10/2022;Troyes;Lorient;2;2;D;1;0;H;;13;21;4;5;8;9;3;6;2;0;0;0
23/10/2022;Nice;Nantes;1;1;D;0;0;D;;11;11;5;4;9;9;7;3;3;4;0;2
23/10/2022;Lille;Monaco;4;3;H;2;2;D;;20;9;7;6;8;10;6;6;1;2;0;0
28/10/2022;Lens;Toulouse;3;0;H;0;0;D;;13;9;8;0;12;13;6;8;2;1;0;0
29/10/2022;Paris SG;Troyes;4;3;H;1;1;D;;19;16;11;5;9;12;8;4;0;3;0;0
29/10/2022;Strasbourg;Marseille;2;2;D;0;2;A;;12;13;5;5;14;11;3;0;0;2;0;0
30/10/2022;Auxerre;Ajaccio;1;0;H;1;0;H;;18;5;5;1;13;12;5;5;1;1;1;1
30/10/2022;Brest;Reims;0;0;D;0;0;D;;12;11;4;3;15;13;5;5;1;1;0;0
30/10/2022;Monaco;Angers;2;0;H;0;0;D;;8;8;5;4;18;15;7;0;3;3;0;0
30/10/2022;Nantes;Clermont;1;1;D;0;0;D;;13;10;4;6;15;9;2;2;0;2;0;0
30/10/2022;Rennes;Montpellier;3;0;H;2;0;H;;14;8;3;3;15;12;3;4;1;2;0;0
30/10/2022;Lorient;Nice;1;2;A;1;0;H;;14;16;8;5;7;7;8;3;0;1;0;0
30/10/2022;Lyon;Lille;1;0;H;0;0;D;;6;15;3;5;11;15;3;6;3;1;0;0
04/11/2022;Troyes;Auxerre;1;1;D;1;0;H;;21;13;6;2;9;10;10;5;2;0;0;0
05/11/2022;Ajaccio;Strasbourg;4;2;H;4;2;H;;12;9;7;5;15;20;4;3;0;4;1;0
05/11/2022;Angers;Lens;1;2;A;0;1;A;;6;12;3;4;16;6;3;4;1;2;0;0
06/11/2022;Lorient;Paris SG;1;2;A;0;1;A;;9;15;2;8;10;9;5;8;1;1;0;0
06/11/2022;Clermont;Montpellier;1;1;D;0;1;A;;16;7;7;3;14;17;5;1;1;2;0;0
06/11/2022;Nice;Brest;1;0;H;0;0;D;;14;12;9;2;6;11;2;6;1;1;0;0
06/11/2022;Reims;Nantes;1;0;H;0;0;D;;22;15;9;5;7;13;10;4;2;4;0;1
06/11/2022;Toulouse;Monaco;0;2;A;0;0;D;;13;24;5;10;9;11;7;6;0;1;0;0
06/11/2022;Lille;Rennes;1;1;D;1;0;H;;19;3;7;2;9;14;6;2;4;1;0;1
06/11/2022;Marseille;Lyon;1;0;H;1;0;H;;6;11;2;4;9;13;6;4;0;1;0;0
11/11/2022;Lyon;Nice;1;1;D;0;1;A;;9;13;3;3;7;7;3;4;1;0;0;0
12/11/2022;Lens;Clermont;2;1;H;0;1;A;;16;5;3;2;19;17;5;3;1;3;0;0
12/11/2022;Rennes;Toulouse;2;1;H;1;0;H;;16;10;8;4;9;10;4;4;0;0;0;0
13/11/2022;Paris SG;Auxerre;5;0;H;1;0;H;;9;9;6;3;5;7;3;7;0;0;0;0
13/11/2022;Brest;Troyes;2;1;H;0;0;D;;15;8;5;2;13;12;5;5;3;2;0;1
13/11/2022;Lille;Angers;1;0;H;1;0;H;;9;8;4;2;18;12;2;6;3;1;1;0
13/11/2022;Montpellier;Reims;1;1;D;0;0;D;;16;17;8;4;15;15;11;7;2;2;0;0
13/11/2022;Nantes;Ajaccio;2;2;D;0;0;D;;15;13;5;4;16;17;9;6;3;3;0;0
13/11/2022;Strasbourg;Lorient;1;1;D;0;1;A;;20;6;4;2;9;9;4;2;4;1;0;0
13/11/2022;Monaco;Marseille;2;3;A;1;1;D;;11;11;6;3;17;9;5;4;3;1;0;0
28/12/2022;Ajaccio;Angers;1;0;H;1;0;H;;11;14;3;4;13;13;3;5;1;0;0;0
28/12/2022;Troyes;Nantes;0;0;D;0;0;D;;6;19;2;5;9;13;4;4;0;2;0;0
28/12/2022;Auxerre;Monaco;2;3;A;1;1;D;;11;6;6;3;9;15;1;3;1;0;0;0
28/12/2022;Clermont;Lille;0;2;A;0;0;D;;9;14;3;3;9;17;3;3;4;2;1;0
28/12/2022;Brest;Lyon;2;4;A;1;3;A;;17;17;5;10;8;19;6;6;2;2;0;0
28/12/2022;Paris SG;Strasbourg;2;1;H;1;0;H;;9;10;6;3;6;12;8;3;4;1;1;0
29/12/2022;Lorient;Montpellier;0;2;A;0;2;A;;12;14;4;6;15;15;5;2;3;4;0;0
29/12/2022;Reims;Rennes;3;1;H;2;1;H;;10;11;4;5;8;8;4;6;2;2;0;0
29/12/2022;Marseille;Toulouse;6;1;H;2;0;H;;13;10;7;6;14;8;1;6;1;2;0;0
29/12/2022;Nice;Lens;0;0;D;0;0;D;;9;10;5;2;11;18;4;6;2;3;0;0
01/01/2023;Angers;Lorient;1;2;A;1;0;H;;14;10;6;5;16;9;7;7;3;0;0;0
01/01/2023;Monaco;Brest;1;0;H;0;0;D;;17;13;5;6;23;14;7;5;3;4;0;0
01/01/2023;Nantes;Auxerre;1;0;H;0;0;D;;10;14;3;6;10;19;3;7;1;2;0;0
01/01/2023;Toulouse;Ajaccio;2;0;H;0;0;D;;11;1;4;0;15;15;5;2;3;1;0;0
01/01/2023;Lyon;Clermont;0;1;A;0;0;D;;13;13;2;3;21;13;7;4;1;3;0;0
01/01/2023;Lens;Paris SG;3;1;H;2;1;H;;10;16;4;6;16;12;3;7;2;3;0;0
02/01/2023;Strasbourg;Troyes;2;3;A;1;2;A;;17;9;7;5;10;12;3;1;1;2;0;0
02/01/2023;Lille;Reims;1;1;D;1;0;H;;14;9;5;6;8;12;5;1;1;1;0;0
02/01/2023;Montpellier;Marseille;1;2;A;0;0;D;;8;18;1;9;10;14;5;7;2;2;0;1
02/01/2023;Rennes;Nice;2;1;H;1;1;D;;20;7;5;3;16;7;5;2;1;1;0;0
11/01/2023;Ajaccio;Reims;0;1;A;0;1;A;;11;9;1;3;20;22;2;2;3;3;0;0
11/01/2023;Auxerre;Toulouse;0;5;A;0;3;A;;19;9;4;7;22;13;7;4;3;1;0;0
11/01/2023;Brest;Lille;0;0;D;0;0;D;;5;11;0;4;15;12;0;8;0;1;0;0
11/01/2023;Clermont;Rennes;2;1;H;1;0;H;;11;9;5;2;12;13;4;1;0;2;0;2
11/01/2023;Nantes;Lyon;0;0;D;0;0;D;;13;10;5;6;12;15;6;1;2;3;0;0
11/01/2023;Lorient;Monaco;2;2;D;0;0;D;;8;16;6;4;8;13;3;4;1;1;0;0
11/01/2023;Nice;Montpellier;6;1;H;2;0;H;;16;4;10;2;16;17;3;4;1;1;0;0
11/01/2023;Paris SG;Angers;2;0;H;1;0;H;;9;6;6;0;5;10;5;1;1;2;0;0
11/01/2023;Strasbourg;Lens;2;2;D;2;2;D;;9;15;6;8;15;10;3;4;1;1;0;0
11/01/2023;Troyes;Marseille;0;2;A;0;1;A;;5;13;1;4;12;13;4;7;2;3;0;0
14/01/2023;Lens;Auxerre;1;0;H;0;0;D;;10;6;2;1;21;16;9;2;2;4;0;1
14/01/2023;Marseille;Lorient;3;1;H;1;1;D;;16;11;8;3;14;12;6;3;1;0;0;0
14/01/2023;Lyon;Strasbourg;1;2;A;1;2;A;;28;8;7;6;10;16;14;2;1;3;0;0
15/01/2023;Lille;Troyes;5;1;H;2;0;H;;23;10;13;2;12;5;7;2;1;0;0;0
15/01/2023;Angers;Clermont;1;2;A;0;1;A;;5;10;1;6;15;11;3;1;2;2;0;0
15/01/2023;Montpellier;Nantes;0;3;A;0;1;A;;11;12;5;7;13;14;3;5;1;2;2;0
15/01/2023;Reims;Nice;0;0;D;0;0;D;;13;6;2;4;5;5;5;3;1;1;0;0
15/01/2023;Toulouse;Brest;1;1;D;0;1;A;;16;17;7;5;16;12;10;5;2;2;0;0
15/01/2023;Monaco;Ajaccio;7;1;H;5;1;H;;11;5;8;2;8;14;3;3;1;2;0;0
15/01/2023;Rennes;Paris SG;1;0;H;0;0;D;;8;8;6;1;8;17;4;5;0;0;0;0
27/01/2023;Lorient;Rennes;2;1;H;2;0;H;;4;19;4;6;4;6;2;10;1;1;0;0
28/01/2023;Troyes;Lens;1;1;D;0;0;D;;6;21;1;5;12;7;3;11;2;2;0;0
28/01/2023;Marseille;Monaco;1;1;D;0;1;A;;22;11;6;4;7;9;6;3;2;2;0;0
29/01/2023;Nice;Lille;1;0;H;1;0;H;;12;16;6;7;12;11;5;7;3;2;0;0
29/01/2023;Auxerre;Montpellier;0;2;A;0;0;D;;16;4;5;3;13;18;5;3;1;3;0;0
29/01/2023;Brest;Angers;4;0;H;2;0;H;;9;8;7;1;10;17;4;5;0;2;0;0
29/01/2023;Clermont;Nantes;0;0;D;0;0;D;;9;4;0;0;9;23;9;1;2;1;0;0
29/01/2023;Strasbourg;Toulouse;1;2;A;1;1;D;;11;10;2;3;14;10;4;2;2;2;1;0
29/01/2023;Ajaccio;Lyon;0;2;A;0;1;A;;16;8;5;2;22;18;5;1;2;3;0;0
29/01/2023;Paris SG;Reims;1;1;D;0;0;D;;12;17;5;4;5;10;3;3;2;1;1;0
01/02/2023;Angers;Ajaccio;1;2;A;1;0;H;;6;9;2;4;18;11;2;6;1;2;1;0
01/02/2023;Lille;Clermont;0;0;D;0;0;D;;22;13;5;5;15;11;8;3;0;1;0;0
01/02/2023;Nantes;Marseille;0;2;A;0;0;D;;12;13;2;4;14;16;5;7;4;3;0;0
01/02/2023;Reims;Lorient;4;2;H;1;2;A;;31;12;9;5;11;7;5;7;1;0;0;0
01/02/2023;Toulouse;Troyes;4;1;H;2;1;H;;13;11;6;3;12;14;8;0;2;3;0;0
01/02/2023;Lens;Nice;0;1;A;0;0;D;;9;14;4;6;12;8;5;3;0;2;0;0
01/02/2023;Lyon;Brest;0;0;D;0;0;D;;28;8;8;1;10;13;15;2;0;0;0;0
01/02/2023;Monaco;Auxerre;3;2;H;2;0;H;;16;11;6;3;11;7;5;4;0;0;0;0
01/02/2023;Montpellier;Paris SG;1;3;A;0;0;D;;6;19;3;8;9;12;1;3;1;1;0;0
01/02/2023;Rennes;Strasbourg;3;0;H;2;0;H;;6;3;3;0;12;13;4;0;0;1;0;0
04/02/2023;Paris SG;Toulouse;2;1;H;1;1;D;;22;14;5;5;9;14;6;2;2;2;0;0
04/02/2023;Troyes;Lyon;1;3;A;0;1;A;;8;10;2;6;10;14;5;6;0;1;0;0
04/02/2023;Rennes;Lille;1;3;A;1;0;H;;10;15;6;6;16;9;2;1;1;2;0;0
05/02/2023;Clermont;Monaco;0;2;A;0;2;A;;8;14;3;5;9;21;2;4;1;2;0;0
05/02/2023;Ajaccio;Nantes;0;2;A;0;0;D;;8;7;2;3;16;16;2;2;2;1;1;0
05/02/2023;Auxerre;Reims;0;0;D;0;0;D;;12;8;3;4;13;10;4;5;2;0;0;0
05/02/2023;Lorient;Angers;0;0;D;0;0;D;;13;13;2;5;16;16;8;6;2;4;0;0
05/02/2023;Strasbourg;Montpellier;2;0;H;2;0;H;;6;11;2;0;11;16;4;7;3;1;1;0
05/02/2023;Brest;Lens;1;1;D;0;0;D;;16;20;3;7;15;9;11;5;4;2;0;0
05/02/2023;Marseille;Nice;1;3;A;0;2;A;;22;14;5;8;10;5;9;1;0;1;0;0
10/02/2023;Nice;Ajaccio;3;0;H;1;0;H;;11;6;3;3;9;7;5;5;1;0;0;0
11/02/2023;Monaco;Paris SG;3;1;H;3;1;H;;19;7;9;2;9;11;3;2;0;1;0;0
11/02/2023;Clermont;Marseille;0;2;A;0;1;A;;9;17;4;5;15;16;3;4;4;3;0;0
12/02/2023;Toulouse;Rennes;3;1;H;3;0;H;;13;13;7;4;12;17;2;7;1;1;0;0
12/02/2023;Angers;Auxerre;1;1;D;1;1;D;;10;15;5;4;10;9;6;4;2;0;0;0
12/02/2023;Lille;Strasbourg;2;0;H;2;0;H;;14;5;10;0;13;13;5;4;1;2;0;0
12/02/2023;Montpellier;Brest;3;0;H;2;0;H;;16;10;7;2;15;20;4;3;1;2;0;0
12/02/2023;Reims;Troyes;4;0;H;2;0;H;;20;7;10;2;13;14;5;2;1;2;0;0
12/02/2023;Nantes;Lorient;1;0;H;0;0;D;;13;9;6;5;12;11;7;3;0;0;0;0
12/02/2023;Lyon;Lens;2;1;H;1;1;D;;11;14;5;4;15;11;2;5;1;1;0;0
17/02/2023;Auxerre;Lyon;2;1;H;0;1;A;;8;6;3;4;17;12;6;4;4;2;0;0
18/02/2023;Nice;Reims;0;0;D;0;0;D;;16;10;1;2;9;13;9;0;1;1;0;0
18/02/2023;Strasbourg;Angers;2;1;H;2;0;H;;18;10;5;3;14;16;4;5;3;3;0;0
19/02/2023;Paris SG;Lille;4;3;H;2;1;H;;12;16;10;7;9;19;3;6;2;4;0;0
19/02/2023;Brest;Monaco;1;2;A;0;1;A;;13;10;3;3;7;10;5;5;1;2;0;0
19/02/2023;Lorient;Ajaccio;3;0;H;2;0;H;;10;12;6;3;11;14;2;2;0;2;0;0
19/02/2023;Rennes;Clermont;2;0;H;1;0;H;;18;7;6;3;9;10;2;7;0;2;0;0
19/02/2023;Troyes;Montpellier;0;1;A;0;0;D;;4;19;2;7;12;9;2;10;2;1;1;1
19/02/2023;Lens;Nantes;3;1;H;2;1;H;;19;6;6;3;9;15;2;5;0;0;0;0
19/02/2023;Toulouse;Marseille;2;3;A;1;0;H;;15;15;6;7;8;10;3;10;0;2;0;0
24/02/2023;Lille;Brest;2;1;H;0;1;A;;18;3;4;0;8;11;11;2;2;2;0;1
25/02/2023;Angers;Lyon;1;3;A;0;1;A;;11;7;2;5;16;6;2;2;0;0;0;0
25/02/2023;Montpellier;Lens;1;1;D;0;1;A;;8;19;3;6;12;13;4;6;0;3;0;0
26/02/2023;Lorient;Auxerre;0;1;A;0;0;D;;18;9;4;1;12;21;10;0;2;3;0;0
26/02/2023;Ajaccio;Troyes;2;1;H;0;1;A;;14;11;6;5;8;15;6;3;2;2;0;1
26/02/2023;Clermont;Strasbourg;1;1;D;0;1;A;;11;12;4;6;17;25;7;2;1;4;0;0
26/02/2023;Nantes;Rennes;0;1;A;0;1;A;;20;11;7;3;8;12;12;4;2;2;0;0
26/02/2023;Reims;Toulouse;3;0;H;2;0;H;;18;13;6;6;12;14;4;2;0;0;0;0
26/02/2023;Monaco;Nice;0;3;A;0;3;A;;15;12;4;7;8;12;5;3;0;1;0;0
26/02/2023;Marseille;Paris SG;0;3;A;0;2;A;;19;12;6;7;20;14;7;4;0;0;0;0
03/03/2023;Nice;Auxerre;1;1;D;1;1;D;;17;3;5;1;10;12;8;0;0;1;0;0
04/03/2023;Lens;Lille;1;1;D;1;0;H;;10;11;1;6;18;14;10;3;2;4;0;0
04/03/2023;Paris SG;Nantes;4;2;H;2;2;D;;17;8;11;5;7;8;4;6;0;2;0;0
05/03/2023;Troyes;Monaco;2;2;D;1;0;H;;13;17;6;4;8;8;3;4;0;1;0;0
05/03/2023;Montpellier;Angers;5;0;H;3;0;H;;15;10;8;4;10;18;6;5;1;4;0;1
05/03/2023;Reims;Ajaccio;1;0;H;0;0;D;;12;5;3;1;19;21;2;1;3;3;0;0
05/03/2023;Strasbourg;Brest;0;1;A;0;1;A;;17;8;4;1;14;17;9;2;2;1;0;0
05/03/2023;Toulouse;Clermont;0;1;A;0;0;D;;9;12;0;3;20;4;4;5;4;1;0;0
05/03/2023;Lyon;Lorient;0;0;D;0;0;D;;17;11;5;1;19;6;6;5;1;0;0;0
05/03/2023;Rennes;Marseille;0;1;A;0;0;D;;13;11;2;4;10;10;4;3;1;1;0;0
10/03/2023;Lille;Lyon;3;3;D;0;0;D;;8;6;6;5;20;19;4;0;5;4;0;0
11/03/2023;Auxerre;Rennes;0;0;D;0;0;D;;12;7;0;2;14;11;8;0;2;2;0;0
11/03/2023;Brest;Paris SG;1;2;A;1;1;D;;7;17;2;8;6;12;6;3;1;1;0;0
12/03/2023;Clermont;Lens;0;4;A;0;3;A;;9;13;6;6;13;13;6;4;1;2;0;0
12/03/2023;Ajaccio;Montpellier;0;1;A;0;0;D;;7;12;1;4;13;18;1;3;2;2;0;0
12/03/2023;Angers;Toulouse;0;2;A;0;1;A;;13;8;2;5;8;11;6;8;0;1;0;0
12/03/2023;Lorient;Troyes;2;0;H;1;0;H;;16;9;6;2;11;10;1;4;0;2;0;0
12/03/2023;Nantes;Nice;2;2;D;1;1;D;;10;16;3;8;9;11;1;10;1;1;0;0
12/03/2023;Monaco;Reims;0;1;A;0;0;D;;14;17;3;8;9;14;3;3;1;2;0;0
12/03/2023;Marseille;Strasbourg;2;2;D;0;0;D;;7;24;4;9;6;15;1;8;0;4;1;0
17/03/2023;Lyon;Nantes;1;1;D;1;1;D;;11;11;6;5;13;7;5;2;0;1;0;0
18/03/2023;Toulouse;Lille;0;2;A;0;0;D;;16;18;4;5;12;2;12;8;2;0;0;0
18/03/2023;Lens;Angers;3;0;H;2;0;H;;12;3;6;1;7;15;4;4;0;0;0;0
19/03/2023;Ajaccio;Monaco;0;2;A;0;1;A;;10;8;1;4;20;13;1;4;2;1;1;0
19/03/2023;Montpellier;Clermont;2;1;H;0;1;A;;23;16;9;8;15;15;11;4;3;1;1;0
19/03/2023;Nice;Lorient;1;1;D;0;1;A;;16;9;1;3;13;10;10;2;0;2;0;1
19/03/2023;Strasbourg;Auxerre;2;0;H;1;0;H;;13;8;6;1;14;11;5;4;2;1;0;0
19/03/2023;Troyes;Brest;2;2;D;2;1;H;;15;9;5;2;12;10;7;4;1;1;0;0
19/03/2023;Paris SG;Rennes;0;2;A;0;1;A;;17;10;8;3;11;12;6;3;1;1;0;0
19/03/2023;Reims;Marseille;1;2;A;1;2;A;;19;12;6;5;13;11;6;5;2;3;0;0
31/03/2023;Marseille;Montpellier;1;1;D;1;1;D;;13;9;2;3;15;9;1;3;2;2;0;0
01/04/2023;Auxerre;Troyes;1;0;H;0;0;D;;13;14;5;2;7;15;4;5;0;0;0;0
01/04/2023;Rennes;Lens;0;1;A;0;1;A;;10;12;3;4;13;11;5;5;2;2;0;0
02/04/2023;Lille;Lorient;3;1;H;1;0;H;;20;2;7;1;14;9;5;1;3;3;0;1
02/04/2023;Angers;Nice;1;1;D;1;1;D;;13;12;6;3;8;11;5;2;1;1;0;0
02/04/2023;Brest;Toulouse;3;1;H;1;1;D;;17;8;7;3;16;12;4;2;2;5;0;1
02/04/2023;Clermont;Ajaccio;2;1;H;0;1;A;;14;3;6;2;15;22;5;1;2;5;0;1
02/04/2023;Nantes;Reims;0;3;A;0;2;A;;12;14;6;9;10;13;3;4;1;2;0;0
02/04/2023;Monaco;Strasbourg;4;3;H;1;2;A;;9;13;7;6;15;17;3;3;3;1;1;0
02/04/2023;Paris SG;Lyon;0;1;A;0;0;D;;16;10;5;3;10;16;7;1;3;3;0;0
07/04/2023;Lens;Strasbourg;2;1;H;1;0;H;;13;13;9;3;19;19;5;1;1;5;0;1
08/04/2023;Angers;Lille;1;0;H;0;0;D;;7;15;5;5;18;18;3;6;2;3;0;0
08/04/2023;Nice;Paris SG;0;2;A;0;1;A;;21;13;7;4;8;2;10;5;1;0;0;0
09/04/2023;Lyon;Rennes;3;1;H;0;1;A;;11;11;3;3;14;17;7;2;2;2;0;0
09/04/2023;Ajaccio;Auxerre;0;3;A;0;3;A;;9;11;2;4;13;15;7;5;1;3;0;0
09/04/2023;Montpellier;Toulouse;1;2;A;0;1;A;;16;15;8;8;16;19;4;3;0;2;0;0
09/04/2023;Reims;Brest;1;1;D;0;1;A;;22;12;7;5;9;13;6;3;0;1;0;0
09/04/2023;Troyes;Clermont;0;2;A;0;2;A;;9;12;3;4;18;9;3;2;3;2;0;0
09/04/2023;Nantes;Monaco;2;2;D;0;2;A;;9;16;2;10;13;11;6;8;3;1;0;0
09/04/2023;Lorient;Marseille;0;0;D;0;0;D;;9;13;5;2;10;18;3;6;0;2;0;0
14/04/2023;Toulouse;Lyon;1;2;A;1;1;D;;13;14;6;3;14;10;8;5;1;4;0;0
15/04/2023;Rennes;Reims;3;0;H;2;0;H;;23;5;8;1;12;14;6;4;1;2;0;0
15/04/2023;Paris SG;Lens;3;1;H;3;0;H;;15;14;7;7;12;8;3;10;0;0;0;1
16/04/2023;Lille;Montpellier;2;1;H;0;1;A;;17;4;7;1;15;19;8;4;1;3;0;0
16/04/2023;Auxerre;Nantes;2;1;H;2;0;H;;13;17;7;7;14;8;3;6;2;2;0;0
16/04/2023;Brest;Nice;1;0;H;1;0;H;;14;12;3;6;15;14;3;5;1;3;0;0
16/04/2023;Clermont;Angers;2;1;H;2;1;H;;12;7;5;4;12;15;6;6;1;3;2;0
16/04/2023;Strasbourg;Ajaccio;3;1;H;1;0;H;;12;8;6;1;14;19;5;0;2;5;0;0
16/04/2023;Monaco;Lorient;3;1;H;2;0;H;;11;7;7;4;18;10;5;3;0;1;0;0
16/04/2023;Marseille;Troyes;3;1;H;2;0;H;;28;4;6;2;13;8;8;1;0;2;0;0
21/04/2023;Angers;Paris SG;1;2;A;0;2;A;;16;10;4;4;6;8;5;8;0;0;0;0
22/04/2023;Auxerre;Lille;1;1;D;0;1;A;;8;14;4;6;12;12;4;4;0;1;0;0
22/04/2023;Lens;Monaco;3;0;H;2;0;H;;21;11;8;4;8;14;2;4;0;2;0;0
23/04/2023;Reims;Strasbourg;0;2;A;0;2;A;;15;9;5;3;11;12;6;4;2;1;0;0
23/04/2023;Ajaccio;Brest;0;0;D;0;0;D;;3;10;2;2;11;20;4;4;2;2;1;0
23/04/2023;Lorient;Toulouse;0;1;A;0;0;D;;9;13;1;4;13;12;2;7;3;2;0;0
23/04/2023;Nantes;Troyes;2;2;D;1;0;H;;19;9;9;4;12;10;13;4;1;0;0;0
23/04/2023;Nice;Clermont;1;2;A;1;1;D;;15;9;5;3;19;9;6;2;1;2;0;0
23/04/2023;Montpellier;Rennes;1;0;H;0;0;D;;11;16;2;4;11;13;4;4;3;2;1;0
23/04/2023;Lyon;Marseille;1;2;A;0;1;A;;7;14;2;7;11;18;5;3;2;1;0;0
28/04/2023;Strasbourg;Lyon;1;2;A;1;2;A;;11;7;3;4;13;24;5;4;2;4;0;1
29/04/2023;Lille;Ajaccio;3;0;H;3;0;H;;10;2;5;0;10;13;9;0;1;2;0;0
30/04/2023;Monaco;Montpellier;0;4;A;0;1;A;;7;19;4;9;11;12;3;11;2;1;0;0
30/04/2023;Clermont;Reims;1;0;H;1;0;H;;6;13;2;2;8;12;5;6;0;2;1;0
30/04/2023;Rennes;Angers;4;2;H;2;2;D;;13;4;4;2;14;11;7;5;1;2;0;0
30/04/2023;Troyes;Nice;0;1;A;0;1;A;;9;29;6;13;7;10;3;14;0;2;0;0
30/04/2023;Paris SG;Lorient;1;3;A;1;2;A;;13;14;4;7;15;17;2;3;4;3;1;0
30/04/2023;Marseille;Auxerre;2;1;H;0;1;A;;26;11;4;3;7;6;12;1;1;0;0;0
02/05/2023;Toulouse;Lens;0;1;A;0;1;A;;9;11;2;3;5;7;5;0;1;2;0;0
03/05/2023;Brest;Nantes;2;0;H;2;0;H;;8;13;4;5;7;15;2;4;0;1;0;0
06/05/2023;Nice;Rennes;2;1;H;0;0;D;;11;14;4;4;11;11;4;7;0;1;0;0
06/05/2023;Reims;Lille;1;0;H;1;0;H;;14;11;4;5;17;10;4;7;2;3;0;0
06/05/2023;Lens;Marseille;2;1;H;1;0;H;;9;14;3;3;12;16;7;7;5;2;0;0
07/05/2023;Angers;Monaco;1;2;A;0;1;A;;10;14;3;6;13;17;4;3;3;2;0;0
07/05/2023;Ajaccio;Toulouse;0;0;D;0;0;D;;4;15;2;5;10;8;4;7;3;0;0;0
07/05/2023;Auxerre;Clermont;1;1;D;1;0;H;;11;9;4;4;19;13;2;2;1;0;0;0
07/05/2023;Lorient;Brest;2;1;H;1;0;H;;6;15;3;2;13;22;4;6;3;2;1;0
07/05/2023;Nantes;Strasbourg;0;2;A;0;1;A;;13;8;5;6;22;15;11;1;3;1;0;0
07/05/2023;Lyon;Montpellier;5;4;H;1;2;A;;16;12;8;6;12;14;3;5;0;3;0;0
07/05/2023;Troyes;Paris SG;1;3;A;0;1;A;;7;31;3;12;5;5;6;6;1;0;0;0
12/05/2023;Lens;Reims;2;1;H;1;1;D;;8;17;6;3;6;19;0;14;1;3;1;0
13/05/2023;Strasbourg;Nice;2;0;H;1;0;H;;12;9;3;4;14;8;2;3;1;1;0;0
13/05/2023;Paris SG;Ajaccio;5;0;H;2;0;H;;16;7;9;2;7;6;8;3;1;1;1;1
14/05/2023;Clermont;Lyon;2;1;H;1;1;D;;9;15;6;4;17;10;5;2;3;3;0;0
14/05/2023;Brest;Auxerre;1;0;H;0;0;D;;15;10;10;2;8;8;6;0;0;0;0;0
14/05/2023;Montpellier;Lorient;1;1;D;0;0;D;;15;11;4;3;20;15;11;5;2;3;0;0
14/05/2023;Rennes;Troyes;4;0;H;1;0;H;;26;4;9;0;4;9;9;1;0;1;0;0
14/05/2023;Toulouse;Nantes;0;0;D;0;0;D;;14;8;6;1;6;13;10;5;1;1;0;0
14/05/2023;Monaco;Lille;0;0;D;0;0;D;;8;10;1;4;19;13;3;4;0;2;0;0
14/05/2023;Marseille;Angers;3;1;H;1;1;D;;14;4;6;1;17;9;7;0;1;2;0;0
19/05/2023;Lyon;Monaco;3;1;H;1;1;D;;22;16;11;9;8;14;2;8;0;3;0;0
20/05/2023;Nantes;Montpellier;0;3;A;0;1;A;;13;13;3;6;14;8;10;6;4;0;0;0
20/05/2023;Lille;Marseille;2;1;H;0;1;A;;12;8;3;3;14;20;3;4;3;2;0;0
21/05/2023;Ajaccio;Rennes;0;5;A;0;4;A;;2;13;0;7;8;14;2;5;1;2;1;0
21/05/2023;Brest;Clermont;2;1;H;1;1;D;;10;8;3;2;16;11;7;1;3;4;0;0
21/05/2023;Nice;Toulouse;0;0;D;0;0;D;;21;7;7;4;6;15;6;3;2;2;0;0
21/05/2023;Reims;Angers;2;2;D;1;0;H;;11;7;5;3;14;11;7;3;0;2;0;0
21/05/2023;Troyes;Strasbourg;1;1;D;0;1;A;;8;16;3;5;9;17;4;6;1;1;1;1
21/05/2023;Lorient;Lens;1;3;A;1;2;A;;13;15;5;7;14;13;3;5;2;2;0;0
21/05/2023;Auxerre;Paris SG;1;2;A;0;2;A;;14;15;7;4;11;6;4;6;1;0;0;0
27/05/2023;Angers;Troyes;2;1;H;1;1;D;;18;5;5;3;12;7;14;3;1;1;0;0
27/05/2023;Clermont;Lorient;2;0;H;1;0;H;;18;6;7;1;13;12;9;1;0;0;0;0
27/05/2023;Lens;Ajaccio;3;0;H;3;0;H;;12;6;3;0;12;12;9;2;1;2;0;0
27/05/2023;Lille;Nantes;2;1;H;0;1;A;;9;8;2;3;7;12;5;3;2;4;0;0
27/05/2023;Lyon;Reims;3;0;H;2;0;H;;23;10;7;1;11;15;7;4;1;1;0;1
27/05/2023;Marseille;Brest;1;2;A;0;0;D;;10;15;4;5;14;16;3;5;2;2;0;0
27/05/2023;Montpellier;Nice;2;3;A;2;0;H;;14;23;8;15;12;16;2;10;0;3;0;0
27/05/2023;Rennes;Monaco;2;0;H;0;0;D;;12;11;6;3;11;7;7;3;0;3;0;0
27/05/2023;Strasbourg;Paris SG;1;1;D;0;0;D;;17;7;5;2;9;8;4;2;1;2;0;0
27/05/2023;Toulouse;Auxerre;1;1;D;1;1;D;;10;16;3;2;18;14;6;3;1;3;0;0
03/06/2023;Ajaccio;Marseille;1;0;H;0;0;D;;3;17;1;5;19;15;2;3;1;1;0;0
03/06/2023;Auxerre;Lens;1;3;A;0;1;A;;17;15;5;7;10;16;5;5;1;3;0;0
03/06/2023;Brest;Rennes;1;2;A;1;2;A;;14;12;5;3;10;14;3;3;2;4;0;0
03/06/2023;Lorient;Strasbourg;2;1;H;2;0;H;;5;15;3;7;9;15;4;4;1;1;0;0
03/06/2023;Monaco;Toulouse;1;2;A;0;0;D;;19;22;7;8;10;11;4;7;1;2;0;0
03/06/2023;Nantes;Angers;1;0;H;1;0;H;;11;5;7;1;12;13;8;1;1;0;0;0
03/06/2023;Nice;Lyon;3;1;H;3;1;H;;16;16;6;7;8;12;3;2;0;1;0;0
03/06/2023;Paris SG;Clermont;2;3;A;2;2;D;;16;12;6;5;17;11;6;2;2;1;0;0
03/06/2023;Reims;Montpellier;1;3;A;1;0;H;;11;16;5;8;16;9;4;7;1;2;0;0
03/06/2023;Troyes;Lille;1;1;D;0;0;D;;8;18;3;7;9;15;2;8;0;4;0;0
11/08/2023;Nice;Lille;1;1;D;1;0;H;;8;12;3;5;13;9;3;3;3;2;0;0
12/08/2023;Marseille;Reims;2;1;H;1;1;D;;14;11;4;4;7;16;10;10;1;3;0;0
12/08/2023;Paris SG;Lorient;0;0;D;0;0;D;;20;4;4;0;8;6;9;2;0;0;0;0
13/08/2023;Brest;Lens;3;2;H;1;2;A;;15;10;8;2;13;15;6;8;2;3;0;1
13/08/2023;Clermont;Monaco;2;4;A;1;2;A;;15;14;7;8;7;16;6;2;0;4;0;0
13/08/2023;Montpellier;Le Havre;2;2;D;0;1;A;;15;12;5;4;8;12;5;2;1;2;0;0
13/08/2023;Nantes;Toulouse;1;2;A;1;0;H;;9;9;4;5;14;14;7;5;2;2;0;0
13/08/2023;Rennes;Metz;5;1;H;1;1;D;;29;9;14;3;7;10;5;4;0;2;0;0
13/08/2023;Strasbourg;Lyon;2;1;H;0;0;D;;8;23;2;7;8;11;1;6;2;2;0;0
18/08/2023;Metz;Marseille;2;2;D;0;1;A;;10;22;5;5;15;9;4;9;3;2;1;0
19/08/2023;Lyon;Montpellier;1;4;A;0;2;A;;7;14;3;8;20;10;6;2;4;1;1;0
19/08/2023;Toulouse;Paris SG;1;1;D;0;0;D;;8;16;2;3;8;11;5;5;0;3;0;0
20/08/2023;Lille;Nantes;2;0;H;0;0;D;;18;14;8;4;8;15;7;5;0;2;1;0
20/08/2023;Le Havre;Brest;1;2;A;0;1;A;;18;10;7;5;18;15;5;3;0;2;0;0
20/08/2023;Lorient;Nice;1;1;D;0;0;D;;9;21;2;8;8;10;0;9;1;1;0;0
20/08/2023;Reims;Clermont;2;0;H;1;0;H;;8;11;4;4;9;6;3;10;0;0;0;0
20/08/2023;Monaco;Strasbourg;3;0;H;2;0;H;;9;4;4;1;19;16;4;3;2;1;0;0
20/08/2023;Lens;Rennes;1;1;D;1;0;H;;15;10;4;5;15;10;11;0;2;1;0;0
25/08/2023;Nantes;Monaco;3;3;D;2;1;H;;3;27;3;10;8;7;1;10;2;2;0;0
26/08/2023;Marseille;Brest;2;0;H;1;0;H;;15;18;6;7;4;8;3;10;0;1;0;0
26/08/2023;Paris SG;Lens;3;1;H;1;0;H;;17;12;7;4;8;16;5;5;0;5;0;0
27/08/2023;Rennes;Le Havre;2;2;D;2;1;H;;22;7;8;3;5;7;5;2;1;2;0;1
27/08/2023;Clermont;Metz;0;1;A;0;0;D;;16;10;4;5;8;10;10;2;1;1;0;0
27/08/2023;Montpellier;Reims;1;3;A;1;2;A;;19;12;3;6;9;19;5;3;1;1;0;0
27/08/2023;Strasbourg;Toulouse;2;0;H;0;0;D;;11;7;3;1;16;17;3;3;1;3;0;0
27/08/2023;Lorient;Lille;4;1;H;2;0;H;;9;18;6;7;22;12;5;8;2;4;0;0
27/08/2023;Nice;Lyon;0;0;D;0;0;D;;21;6;4;1;8;14;7;2;1;4;0;0
01/09/2023;Nantes;Marseille;1;1;D;1;1;D;;10;26;2;9;7;13;2;7;0;2;1;0
02/09/2023;Brest;Rennes;0;0;D;0;0;D;;13;6;2;3;12;12;7;5;3;1;0;0
02/09/2023;Monaco;Lens;3;0;H;2;0;H;;11;12;6;1;21;16;5;2;4;2;0;0
03/09/2023;Toulouse;Clermont;2;2;D;2;1;H;;9;15;5;3;19;17;0;8;1;3;0;0
03/09/2023;Le Havre;Lorient;3;0;H;0;0;D;;17;9;6;2;10;7;5;4;0;0;0;0
03/09/2023;Lille;Montpellier;1;0;H;1;0;H;;15;9;6;5;15;14;5;5;2;1;0;0
03/09/2023;Metz;Reims;2;2;D;1;1;D;;12;12;4;2;10;17;4;1;0;4;0;0
03/09/2023;Nice;Strasbourg;2;0;H;1;0;H;;16;4;6;0;7;12;5;2;2;1;0;0
03/09/2023;Lyon;Paris SG;1;4;A;0;4;A;;19;22;8;8;9;5;5;2;2;2;0;0
15/09/2023;Paris SG;Nice;2;3;A;1;1;D;;12;14;3;8;8;17;4;3;2;5;0;0
16/09/2023;Rennes;Lille;2;2;D;0;1;A;;7;10;4;6;11;16;5;2;1;4;0;0
16/09/2023;Lens;Metz;0;1;A;0;1;A;;31;2;10;2;12;12;9;1;1;2;0;0
17/09/2023;Lorient;Monaco;2;2;D;1;1;D;;10;20;3;7;13;14;8;6;0;1;0;0
17/09/2023;Clermont;Nantes;0;1;A;0;0;D;;16;8;3;5;16;16;6;3;2;2;0;0
17/09/2023;Reims;Brest;1;2;A;1;0;H;;13;18;7;7;7;11;8;8;2;4;0;0
17/09/2023;Strasbourg;Montpellier;2;2;D;0;2;A;;14;11;7;4;17;17;2;4;4;6;0;0
17/09/2023;Marseille;Toulouse;0;0;D;0;0;D;;24;10;6;3;9;11;6;1;2;5;0;0
17/09/2023;Lyon;Le Havre;0;0;D;0;0;D;;23;7;7;0;13;12;6;1;3;2;0;0
22/09/2023;Monaco;Nice;0;1;A;0;0;D;;9;13;3;7;13;15;5;2;1;1;0;0
23/09/2023;Nantes;Lorient;5;3;H;1;1;D;;19;10;9;7;8;17;4;2;1;3;0;0
23/09/2023;Brest;Lyon;1;0;H;0;0;D;;27;6;11;3;17;16;10;1;3;1;0;0
24/09/2023;Metz;Strasbourg;0;1;A;0;0;D;;13;4;1;1;16;15;1;1;2;0;0;0
24/09/2023;Le Havre;Clermont;2;1;H;2;1;H;;9;11;3;4;15;17;1;3;2;3;0;0
24/09/2023;Lens;Toulouse;2;1;H;1;1;D;;27;7;7;2;16;15;9;4;2;1;0;0
24/09/2023;Montpellier;Rennes;0;0;D;0;0;D;;13;18;4;6;10;15;3;6;2;1;0;0
24/09/2023;Paris SG;Marseille;4;0;H;2;0;H;;15;6;5;0;11;14;8;3;0;3;0;0
26/09/2023;Lille;Reims;1;2;A;0;2;A;;14;4;3;4;4;19;4;2;1;2;0;0
29/09/2023;Strasbourg;Lens;0;1;A;0;1;A;;8;9;2;2;16;15;2;3;2;4;0;0
30/09/2023;Clermont;Paris SG;0;0;D;0;0;D;;12;21;3;10;11;16;6;9;2;3;0;0
30/09/2023;Monaco;Marseille;3;2;H;2;2;D;;10;8;7;4;17;15;2;6;4;4;0;0
01/10/2023;Reims;Lyon;2;0;H;1;0;H;;8;11;3;6;19;14;1;5;2;2;0;0
01/10/2023;Le Havre;Lille;0;2;A;0;1;A;;5;16;0;6;18;6;6;6;0;0;0;0
01/10/2023;Nice;Brest;0;0;D;0;0;D;;12;7;1;2;13;9;6;4;1;3;0;0
01/10/2023;Toulouse;Metz;3;0;H;2;0;H;;15;8;10;3;10;7;4;6;3;0;0;0
01/10/2023;Lorient;Montpellier;0;3;A;0;1;A;;14;14;3;8;13;6;8;3;2;1;0;0
01/10/2023;Rennes;Nantes;3;1;H;1;1;D;;16;10;5;3;11;17;6;4;3;6;0;1
06/10/2023;Strasbourg;Nantes;1;2;A;0;0;D;;11;16;3;7;15;12;3;11;4;0;0;0
07/10/2023;Metz;Nice;0;1;A;0;1;A;;10;7;3;4;9;10;1;4;0;1;0;0
07/10/2023;Reims;Monaco;1;3;A;0;1;A;;11;11;4;4;10;14;10;5;0;3;0;0
08/10/2023;Marseille;Le Havre;3;0;H;2;0;H;;14;7;6;1;6;16;4;3;0;3;0;1
08/10/2023;Brest;Toulouse;1;1;D;0;1;A;;13;9;2;3;18;18;3;5;2;2;0;0
08/10/2023;Lyon;Lorient;3;3;D;3;1;H;;9;6;6;5;22;10;5;2;0;0;0;0
08/10/2023;Lens;Lille;1;1;D;0;1;A;;14;8;5;3;14;16;8;5;2;4;0;0
08/10/2023;Rennes;Paris SG;1;3;A;0;2;A;;14;17;4;7;12;15;1;7;1;0;0;0
20/10/2023;Le Havre;Lens;0;0;D;0;0;D;;14;13;5;7;16;9;3;3;2;3;0;0
21/10/2023;Paris SG;Strasbourg;3;0;H;2;0;H;;8;7;4;1;11;10;1;6;2;0;0;0
21/10/2023;Nice;Marseille;1;0;H;0;0;D;;10;9;2;1;13;6;4;2;4;3;0;1
22/10/2023;Lorient;Rennes;2;1;H;2;1;H;;5;20;4;6;5;14;6;16;0;2;0;0
22/10/2023;Lille;Brest;1;0;H;1;0;H;;6;9;4;1;12;13;3;5;2;3;0;0
22/10/2023;Nantes;Montpellier;2;0;H;1;0;H;;14;11;5;6;16;13;4;3;2;1;0;0
22/10/2023;Toulouse;Reims;1;1;D;0;0;D;;11;15;5;4;18;15;5;7;2;0;0;0
22/10/2023;Monaco;Metz;2;1;H;1;1;D;;27;8;13;4;12;11;10;2;1;3;0;0
22/10/2023;Lyon;Clermont;1;2;A;0;2;A;;25;12;6;5;16;12;10;3;4;6;0;0
27/10/2023;Clermont;Nice;0;1;A;0;0;D;;8;11;3;5;14;12;2;2;0;2;0;0
28/10/2023;Reims;Lorient;1;0;H;0;0;D;;12;9;5;1;16;7;4;4;1;3;0;0
28/10/2023;Lens;Nantes;4;0;H;1;0;H;;11;11;7;1;12;17;4;1;1;2;0;0
29/10/2023;Brest;Paris SG;2;3;A;1;2;A;;20;17;5;10;14;10;9;5;3;4;0;0
29/10/2023;Lille;Monaco;2;0;H;2;0;H;;7;16;5;6;17;13;2;8;1;2;0;0
29/10/2023;Metz;Le Havre;0;0;D;0;0;D;;9;12;3;1;13;15;5;6;2;2;0;0
29/10/2023;Montpellier;Toulouse;3;0;H;1;0;H;;19;16;6;5;13;15;3;4;2;3;0;0
29/10/2023;Rennes;Strasbourg;1;1;D;1;0;H;;20;11;3;3;14;16;7;5;2;2;0;0
03/11/2023;Paris SG;Montpellier;3;0;H;1;0;H;;21;7;10;2;10;13;9;2;1;0;0;0
04/11/2023;Lorient;Lens;0;0;D;0;0;D;;7;14;2;7;10;14;1;5;3;3;0;0
04/11/2023;Marseille;Lille;0;0;D;0;0;D;;8;10;3;1;10;12;2;8;2;3;0;0
05/11/2023;Lyon;Metz;1;1;D;0;0;D;;15;10;4;5;16;14;4;9;1;1;0;0
05/11/2023;Nantes;Reims;0;1;A;0;0;D;;17;7;4;4;5;11;10;6;1;2;0;0
05/11/2023;Strasbourg;Clermont;0;0;D;0;0;D;;18;10;5;2;11;5;4;6;2;0;1;0
05/11/2023;Toulouse;Le Havre;1;2;A;0;0;D;;17;15;5;7;9;12;4;6;2;2;0;0
05/11/2023;Monaco;Brest;2;0;H;1;0;H;;12;15;6;1;15;11;6;4;2;4;0;1
05/11/2023;Nice;Rennes;2;0;H;1;0;H;;16;11;4;4;7;12;2;1;0;2;1;1
10/11/2023;Montpellier;Nice;0;0;D;0;0;D;;9;15;1;4;11;15;3;7;0;4;0;0
11/11/2023;Reims;Paris SG;0;3;A;0;1;A;;19;14;6;6;14;6;8;4;1;0;0;0
11/11/2023;Le Havre;Monaco;0;0;D;0;0;D;;9;10;5;4;10;18;2;4;2;3;0;0
12/11/2023;Clermont;Lorient;1;0;H;0;0;D;;17;10;6;3;15;10;5;4;3;2;0;0
12/11/2023;Lille;Toulouse;1;1;D;1;0;H;;13;2;6;1;12;16;11;1;3;4;0;0
12/11/2023;Metz;Nantes;3;1;H;2;1;H;;9;16;4;3;7;9;2;5;0;0;0;0
12/11/2023;Rennes;Lyon;0;1;A;0;0;D;;8;12;2;5;5;18;6;9;3;1;1;0
12/11/2023;Lens;Marseille;1;0;H;0;0;D;;14;8;3;2;19;15;4;5;2;2;0;0
24/11/2023;Paris SG;Monaco;5;2;H;2;1;H;;16;14;11;7;9;19;2;10;0;1;0;0
25/11/2023;Clermont;Lens;0;3;A;0;1;A;;13;16;4;10;16;17;2;4;2;3;1;1
25/11/2023;Strasbourg;Marseille;1;1;D;1;1;D;;15;16;7;3;14;16;7;11;1;2;0;0
26/11/2023;Nice;Toulouse;1;0;H;0;0;D;;8;19;3;3;9;19;4;2;0;4;0;0
26/11/2023;Lorient;Metz;2;3;A;2;1;H;;11;14;5;5;10;17;5;6;2;1;0;0
26/11/2023;Montpellier;Brest;1;3;A;0;1;A;;17;17;5;5;11;18;9;1;2;2;0;0
26/11/2023;Nantes;Le Havre;0;0;D;0;0;D;;19;6;3;0;10;17;10;5;1;2;0;1
26/11/2023;Rennes;Reims;3;1;H;1;1;D;;10;15;5;5;10;18;1;8;2;2;0;0
26/11/2023;Lyon;Lille;0;2;A;0;2;A;;11;15;5;8;17;5;3;5;2;2;0;0
29/11/2023;Montpellier;Clermont;1;1;D;0;1;A;;32;5;10;1;23;14;8;0;3;4;0;0
01/12/2023;Reims;Strasbourg;2;1;H;2;0;H;;13;10;4;3;7;7;4;5;1;1;0;0
02/12/2023;Lens;Lyon;3;2;H;1;1;D;;10;12;7;7;11;14;3;6;2;0;1;0
02/12/2023;Nantes;Nice;1;0;H;1;0;H;;13;13;4;6;15;18;5;6;3;0;0;0
03/12/2023;Le Havre;Paris SG;0;2;A;0;1;A;;22;9;7;5;11;9;9;2;2;1;0;1
03/12/2023;Brest;Clermont;3;0;H;2;0;H;;12;10;7;1;11;17;4;2;1;2;0;0
03/12/2023;Monaco;Montpellier;2;0;H;1;0;H;;27;9;9;4;15;13;8;2;2;3;0;1
03/12/2023;Toulouse;Lorient;1;1;D;0;0;D;;11;11;6;5;16;10;3;4;2;4;0;0
03/12/2023;Lille;Metz;2;0;H;2;0;H;;16;7;6;4;8;11;6;1;0;0;0;0
03/12/2023;Marseille;Rennes;2;0;H;1;0;H;;5;10;2;0;9;15;1;6;1;3;1;1
06/12/2023;Marseille;Lyon;3;0;H;2;0;H;;12;6;5;1;14;11;10;3;1;2;0;0
07/12/2023;Brest;Strasbourg;1;1;D;1;0;H;;13;9;3;5;11;18;6;0;1;0;0;0
08/12/2023;Montpellier;Lens;0;0;D;0;0;D;;18;13;4;5;16;11;4;3;2;3;0;0
09/12/2023;Rennes;Monaco;1;2;A;0;0;D;;15;12;5;5;9;22;5;5;3;6;0;1
09/12/2023;Paris SG;Nantes;2;1;H;1;0;H;;16;10;6;4;9;12;5;3;1;3;0;0
10/12/2023;Nice;Reims;2;1;H;0;0;D;;15;9;5;2;13;6;9;0;2;3;0;0
10/12/2023;Clermont;Lille;0;0;D;0;0;D;;16;12;5;3;18;9;3;6;2;2;0;0
10/12/2023;Metz;Brest;0;1;A;0;0;D;;6;4;3;3;14;16;3;2;3;2;0;0
10/12/2023;Strasbourg;Le Havre;2;1;H;1;0;H;;12;15;3;3;14;15;4;3;3;1;0;0
10/12/2023;Lyon;Toulouse;3;0;H;2;0;H;;15;16;7;6;15;15;2;1;2;3;0;0
10/12/2023;Lorient;Marseille;2;4;A;1;4;A;;15;18;9;8;17;17;4;6;5;3;0;1
15/12/2023;Monaco;Lyon;0;1;A;0;0;D;;19;5;4;2;13;12;6;1;1;2;0;0
16/12/2023;Le Havre;Nice;3;1;H;2;0;H;;9;13;5;6;13;9;2;9;3;2;1;1
16/12/2023;Lens;Reims;2;0;H;1;0;H;;7;14;2;3;9;10;4;7;0;1;0;0
17/12/2023;Nantes;Brest;0;2;A;0;0;D;;12;14;4;8;15;8;4;3;1;3;0;0
17/12/2023;Lorient;Strasbourg;1;2;A;0;1;A;;7;12;1;9;14;12;6;1;3;2;0;0
17/12/2023;Metz;Montpellier;0;1;A;0;1;A;;19;6;4;3;15;14;12;5;2;2;0;0
17/12/2023;Toulouse;Rennes;0;0;D;0;0;D;;15;11;6;4;17;14;4;4;3;2;0;0
17/12/2023;Marseille;Clermont;2;1;H;2;0;H;;15;5;6;2;12;14;4;1;0;3;0;0
17/12/2023;Lille;Paris SG;1;1;D;0;0;D;;15;10;3;2;9;19;8;8;1;1;0;0
20/12/2023;Brest;Lorient;4;0;H;4;0;H;;12;7;7;3;8;17;1;0;1;2;0;0
20/12/2023;Clermont;Rennes;1;3;A;1;0;H;;14;25;6;11;8;11;4;5;0;3;1;0
20/12/2023;Lyon;Nantes;1;0;H;0;0;D;;8;7;7;0;8;14;7;7;1;2;1;0
20/12/2023;Montpellier;Marseille;1;1;D;1;0;H;;12;17;6;4;21;13;5;10;2;1;0;0
20/12/2023;Nice;Lens;2;0;H;0;0;D;;14;10;5;3;14;11;5;6;2;2;0;0
20/12/2023;Paris SG;Metz;3;1;H;0;0;D;;13;3;5;1;6;9;5;5;0;1;0;0
20/12/2023;Reims;Le Havre;1;0;H;1;0;H;;22;4;7;1;7;6;6;2;1;1;0;1
20/12/2023;Strasbourg;Lille;2;1;H;1;1;D;;9;9;2;2;19;10;6;5;1;2;0;0
20/12/2023;Toulouse;Monaco;1;2;A;1;2;A;;20;12;5;4;17;10;4;5;2;3;0;1
12/01/2024;Marseille;Strasbourg;1;1;D;1;0;H;;8;18;2;4;11;10;6;4;3;2;0;0
13/01/2024;Monaco;Reims;1;3;A;0;1;A;;9;12;5;5;11;9;6;6;3;2;0;0
13/01/2024;Rennes;Nice;2;0;H;1;0;H;;15;9;5;2;13;11;6;6;1;0;0;0
14/01/2024;Lille;Lorient;3;0;H;1;0;H;;24;1;10;0;10;22;7;1;1;4;0;0
14/01/2024;Brest;Montpellier;2;0;H;0;0;D;;26;9;9;4;6;7;3;3;1;2;0;0
14/01/2024;Metz;Toulouse;0;1;A;0;1;A;;14;4;2;2;20;18;5;2;3;2;1;0
14/01/2024;Nantes;Clermont;1;2;A;0;1;A;;20;15;9;6;10;5;11;5;1;1;1;0
14/01/2024;Le Havre;Lyon;3;1;H;1;0;H;;14;9;7;2;15;4;3;7;1;0;0;2
14/01/2024;Lens;Paris SG;0;2;A;0;1;A;;17;15;5;7;10;8;5;6;0;1;1;0
26/01/2024;Lyon;Rennes;2;3;A;0;3;A;;12;11;6;5;15;12;3;2;2;2;0;0
27/01/2024;Nice;Metz;1;0;H;0;0;D;;15;2;9;1;10;13;5;2;1;1;0;0
27/01/2024;Marseille;Monaco;2;2;D;1;2;A;;22;6;9;5;11;12;10;1;1;3;0;2
28/01/2024;Montpellier;Lille;0;0;D;0;0;D;;12;12;7;0;13;16;5;2;4;3;0;1
28/01/2024;Clermont;Strasbourg;1;1;D;0;1;A;;14;6;6;2;12;16;5;2;1;3;0;0
28/01/2024;Lorient;Le Havre;3;3;D;1;1;D;;13;14;6;5;15;21;1;4;4;4;0;0
28/01/2024;Reims;Nantes;0;0;D;0;0;D;;10;7;1;5;8;16;6;2;3;2;0;0
28/01/2024;Toulouse;Lens;0;2;A;0;1;A;;13;13;4;5;11;14;10;7;3;3;0;0
28/01/2024;Paris SG;Brest;2;2;D;2;0;H;;10;9;4;6;12;10;7;0;5;3;1;0
02/02/2024;Strasbourg;Paris SG;1;2;A;0;1;A;;20;9;8;5;12;13;3;4;3;1;0;0
03/02/2024;Rennes;Montpellier;2;1;H;1;0;H;;9;17;3;9;17;12;5;3;4;3;0;0
03/02/2024;Nantes;Lens;0;1;A;0;0;D;;7;12;2;4;16;11;2;3;2;2;0;0
04/02/2024;Monaco;Le Havre;1;1;D;0;0;D;;17;3;5;0;16;11;9;4;3;2;0;0
04/02/2024;Lille;Clermont;4;0;H;4;0;H;;23;4;13;3;8;10;12;1;0;1;0;0
04/02/2024;Metz;Lorient;1;2;A;1;1;D;;10;12;3;4;12;13;4;3;3;1;0;0
04/02/2024;Reims;Toulouse;2;3;A;0;3;A;;17;9;5;4;13;16;10;6;2;3;0;0
04/02/2024;Brest;Nice;0;0;D;0;0;D;;17;13;2;1;12;12;3;5;3;1;0;0
04/02/2024;Lyon;Marseille;1;0;H;1;0;H;;12;8;7;1;14;10;3;2;2;1;0;0
09/02/2024;Marseille;Metz;1;1;D;0;0;D;;18;7;6;3;12;16;6;3;2;0;1;0
10/02/2024;Lens;Strasbourg;3;1;H;2;1;H;;10;19;6;5;14;14;4;5;2;1;0;0
10/02/2024;Paris SG;Lille;3;1;H;2;1;H;;16;10;8;3;12;10;6;8;2;3;0;0
11/02/2024;Le Havre;Rennes;0;1;A;0;0;D;;13;11;5;2;14;7;5;1;2;1;0;0
11/02/2024;Clermont;Brest;1;1;D;0;0;D;;7;15;2;9;12;13;2;4;2;4;1;1
11/02/2024;Lorient;Reims;2;0;H;0;0;D;;17;23;5;6;9;14;1;7;1;1;0;0
11/02/2024;Toulouse;Nantes;1;2;A;0;1;A;;16;5;3;2;10;13;12;0;2;1;0;0
11/02/2024;Montpellier;Lyon;1;2;A;1;0;H;;15;19;8;5;11;11;1;5;1;2;0;0
11/02/2024;Nice;Monaco;2;3;A;1;1;D;;15;9;5;5;17;14;8;2;5;4;1;0
16/02/2024;Lyon;Nice;1;0;H;1;0;H;;9;20;1;6;8;12;4;9;0;1;0;0
17/02/2024;Lille;Le Havre;3;0;H;2;0;H;;17;6;8;2;11;17;1;3;2;3;0;0
17/02/2024;Nantes;Paris SG;0;2;A;0;0;D;;12;12;7;2;10;12;3;8;1;0;0;0
18/02/2024;Strasbourg;Lorient;1;3;A;0;2;A;;18;13;4;6;13;12;9;4;3;1;1;0
18/02/2024;Monaco;Toulouse;1;2;A;0;1;A;;22;14;5;7;18;12;4;6;1;3;0;0
18/02/2024;Montpellier;Metz;3;0;H;1;0;H;;21;14;7;4;17;13;7;4;3;3;0;0
18/02/2024;Rennes;Clermont;3;1;H;1;0;H;;16;14;8;5;9;10;4;4;1;0;0;1
18/02/2024;Reims;Lens;1;1;D;1;1;D;;11;9;2;1;15;9;3;2;2;2;0;0
18/02/2024;Brest;Marseille;1;0;H;0;0;D;;15;9;5;2;14;9;6;4;3;1;1;0
23/02/2024;Metz;Lyon;1;2;A;1;1;D;;15;11;4;5;13;12;4;3;1;2;0;0
24/02/2024;Lorient;Nantes;0;1;A;0;0;D;;6;7;1;6;11;11;3;8;0;2;0;0
24/02/2024;Strasbourg;Brest;0;3;A;0;2;A;;6;15;2;8;21;10;0;4;3;0;0;0
25/02/2024;Lens;Monaco;2;3;A;1;2;A;;20;15;10;9;10;13;9;3;6;3;0;0
25/02/2024;Le Havre;Reims;1;2;A;0;0;D;;18;16;4;5;11;13;5;5;3;3;0;1
25/02/2024;Nice;Clermont;0;0;D;0;0;D;;23;13;4;5;8;12;8;1;2;1;0;0
25/02/2024;Toulouse;Lille;3;1;H;0;1;A;;14;12;4;2;20;10;6;8;2;0;0;0
25/02/2024;Paris SG;Rennes;1;1;D;0;1;A;;15;3;3;1;13;16;4;0;5;3;0;0
25/02/2024;Marseille;Montpellier;4;1;H;2;1;H;;16;9;6;4;8;12;7;4;2;4;0;0
01/03/2024;Monaco;Paris SG;0;0;D;0;0;D;;14;14;6;7;10;13;5;6;0;0;0;0
02/03/2024;Reims;Lille;0;1;A;0;0;D;;8;8;3;3;12;14;4;4;3;2;0;0
02/03/2024;Clermont;Marseille;1;5;A;0;1;A;;7;17;2;11;9;13;7;4;2;1;0;0
03/03/2024;Toulouse;Nice;2;1;H;0;1;A;;17;9;6;6;16;10;7;6;2;2;0;0
03/03/2024;Brest;Le Havre;1;0;H;1;0;H;;8;11;4;2;21;15;0;2;4;1;0;0
03/03/2024;Montpellier;Strasbourg;2;2;D;0;0;D;;21;12;7;4;12;17;8;4;1;3;0;0
03/03/2024;Nantes;Metz;0;2;A;0;0;D;;9;13;2;4;7;11;10;3;3;2;0;0
03/03/2024;Rennes;Lorient;1;2;A;0;0;D;;22;12;6;6;12;9;6;3;1;2;0;0
03/03/2024;Lyon;Lens;0;3;A;0;1;A;;13;18;4;8;5;15;2;4;0;2;1;0
08/03/2024;Nice;Montpellier;1;2;A;1;2;A;;19;7;5;2;13;11;8;5;1;2;0;0
09/03/2024;Lorient;Lyon;0;2;A;0;0;D;;9;13;0;6;10;7;4;7;0;0;0;0
09/03/2024;Lens;Brest;1;0;H;1;0;H;;6;9;2;3;13;10;2;4;1;2;0;0
10/03/2024;Paris SG;Reims;2;2;D;2;2;D;;19;8;6;3;10;12;7;2;2;2;0;0
10/03/2024;Le Havre;Toulouse;1;0;H;0;0;D;;12;5;4;0;12;17;3;3;1;1;0;0
10/03/2024;Metz;Clermont;1;0;H;1;0;H;;11;13;2;6;10;10;5;7;1;3;0;0
10/03/2024;Strasbourg;Monaco;0;1;A;0;0;D;;8;17;1;6;9;15;5;8;1;3;0;0
10/03/2024;Lille;Rennes;2;2;D;0;2;A;;15;11;8;3;17;20;6;3;5;2;0;0
10/03/2024;Marseille;Nantes;2;0;H;1;0;H;;12;10;4;3;11;16;2;8;2;3;0;0
15/03/2024;Toulouse;Lyon;2;3;A;0;1;A;;13;18;5;6;18;12;5;3;2;2;0;0
16/03/2024;Nantes;Strasbourg;1;3;A;1;1;D;;11;11;2;6;16;15;4;5;2;3;0;0
16/03/2024;Lens;Nice;1;3;A;0;1;A;;20;7;4;3;9;12;11;3;4;3;0;0
17/03/2024;Brest;Lille;1;1;D;0;0;D;;16;13;4;8;9;12;3;3;3;0;0;0
17/03/2024;Clermont;Le Havre;2;1;H;2;1;H;;9;14;4;5;13;17;3;5;3;5;1;1
17/03/2024;Monaco;Lorient;2;2;D;1;1;D;;23;11;8;6;21;8;10;8;3;1;1;1
17/03/2024;Reims;Metz;2;1;H;1;1;D;;17;12;7;4;17;10;7;7;4;4;0;0
17/03/2024;Rennes;Marseille;2;0;H;1;0;H;;7;8;4;1;9;12;4;5;1;3;0;0
17/03/2024;Montpellier;Paris SG;2;6;A;2;2;D;;12;16;7;9;9;13;7;4;0;3;0;0
29/03/2024;Lille;Lens;2;1;H;1;0;H;;15;9;6;3;13;17;5;5;3;3;0;0
30/03/2024;Metz;Monaco;2;5;A;0;3;A;;13;17;7;7;8;8;5;5;0;0;0;0
30/03/2024;Lyon;Reims;1;1;D;0;0;D;;16;17;3;5;7;10;7;8;2;3;0;0
31/03/2024;Lorient;Brest;0;1;A;0;0;D;;11;10;5;2;10;18;6;4;1;3;0;1
31/03/2024;Clermont;Toulouse;0;3;A;0;1;A;;15;11;5;5;15;12;12;3;3;1;0;0
31/03/2024;Le Havre;Montpellier;0;2;A;0;0;D;;14;14;3;5;10;12;6;6;2;2;0;0
31/03/2024;Nice;Nantes;1;2;A;0;1;A;;12;13;3;4;7;19;9;3;2;5;0;0
31/03/2024;Strasbourg;Rennes;2;0;H;0;0;D;;14;12;7;0;10;17;4;5;1;2;0;0
31/03/2024;Marseille;Paris SG;0;2;A;0;0;D;;22;8;10;3;10;8;5;3;0;4;0;1
05/04/2024;Lille;Marseille;3;1;H;0;0;D;;14;13;6;4;13;18;4;2;1;6;0;0
06/04/2024;Lens;Le Havre;1;1;D;0;0;D;;18;11;8;3;13;10;7;4;2;5;0;0
06/04/2024;Paris SG;Clermont;1;1;D;0;1;A;;23;6;7;3;11;7;17;2;1;0;0;0
07/04/2024;Brest;Metz;4;3;H;3;1;H;;24;8;10;6;11;17;8;5;0;1;0;0
07/04/2024;Montpellier;Lorient;2;0;H;0;0;D;;13;19;5;5;11;18;5;7;3;6;0;0
07/04/2024;Reims;Nice;0;0;D;0;0;D;;10;18;3;3;15;15;2;5;2;1;0;0
07/04/2024;Toulouse;Strasbourg;0;0;D;0;0;D;;11;8;2;1;16;17;4;3;2;0;0;0
07/04/2024;Monaco;Rennes;1;0;H;1;0;H;;16;12;5;7;16;17;6;3;3;1;1;1
07/04/2024;Nantes;Lyon;1;3;A;1;0;H;;14;19;6;10;8;14;5;5;2;2;0;0
12/04/2024;Metz;Lens;2;1;H;2;1;H;;11;17;5;2;11;17;5;2;2;5;0;0
13/04/2024;Strasbourg;Reims;3;1;H;1;1;D;;13;8;6;2;9;18;5;4;1;3;0;1
13/04/2024;Rennes;Toulouse;1;2;A;1;2;A;;19;10;4;3;20;18;8;4;3;3;0;0
14/04/2024;Le Havre;Nantes;0;1;A;0;0;D;;10;12;1;4;14;12;6;7;3;2;0;0
14/04/2024;Clermont;Montpellier;1;1;D;1;0;H;;10;14;2;6;12;14;3;4;1;1;0;0
14/04/2024;Lyon;Brest;4;3;H;1;0;H;;16;22;8;7;12;7;10;7;5;5;1;1
19/04/2024;Nice;Lorient;3;0;H;1;0;H;;19;9;10;4;11;7;2;3;0;2;0;0
20/04/2024;Nantes;Rennes;0;3;A;0;0;D;;6;14;4;5;16;11;3;7;1;4;0;0
20/04/2024;Lens;Clermont;1;0;H;1;0;H;;17;8;4;1;17;17;4;3;1;4;0;0
21/04/2024;Le Havre;Metz;0;1;A;0;0;D;;16;9;4;2;9;19;4;2;2;3;0;0
21/04/2024;Lille;Strasbourg;1;0;H;1;0;H;;6;8;2;2;11;19;4;4;2;3;0;0
21/04/2024;Reims;Montpellier;1;2;A;0;1;A;;22;12;4;5;15;10;8;4;3;3;0;0
21/04/2024;Brest;Monaco;0;2;A;0;1;A;;12;8;2;3;8;9;7;4;5;2;0;2
21/04/2024;Toulouse;Marseille;2;2;D;1;1;D;;10;11;3;3;11;13;7;4;1;2;0;0
21/04/2024;Paris SG;Lyon;4;1;H;4;1;H;;14;16;6;6;9;10;4;10;0;0;0;0
24/04/2024;Lorient;Paris SG;1;4;A;0;2;A;;11;15;6;7;8;7;3;6;1;1;0;0
24/04/2024;Marseille;Nice;2;2;D;1;1;D;;11;10;4;4;10;14;3;2;2;3;1;0
24/04/2024;Monaco;Lille;1;0;H;0;0;D;;19;13;7;4;9;9;7;5;1;2;0;0
26/04/2024;Montpellier;Nantes;1;1;D;1;1;D;;8;15;1;5;11;14;3;6;2;1;2;0
27/04/2024;Paris SG;Le Havre;3;3;D;1;2;A;;17;6;4;4;10;8;11;2;2;1;0;0
28/04/2024;Metz;Lille;1;2;A;1;2;A;;5;14;2;4;15;12;2;4;1;2;0;0
28/04/2024;Clermont;Reims;4;1;H;1;1;D;;12;10;6;3;9;12;5;5;0;3;0;1
28/04/2024;Lorient;Toulouse;1;2;A;1;0;H;;15;14;5;5;14;17;5;1;1;3;0;0
28/04/2024;Strasbourg;Nice;1;3;A;1;1;D;;13;8;5;4;11;14;2;3;2;3;0;0
28/04/2024;Rennes;Brest;4;5;A;2;1;H;;21;10;7;5;14;15;7;4;4;1;0;0
28/04/2024;Lyon;Monaco;3;2;H;2;1;H;;15;13;4;5;15;14;3;3;1;3;0;0
28/04/2024;Marseille;Lens;2;1;H;1;0;H;;13;18;6;5;8;12;3;11;2;2;0;0
03/05/2024;Toulouse;Montpellier;1;2;A;1;1;D;;15;5;5;3;17;14;8;0;3;4;1;1
03/05/2024;Lens;Lorient;2;0;H;0;0;D;;18;11;6;5;10;14;4;4;1;2;0;0
04/05/2024;Le Havre;Strasbourg;3;1;H;1;0;H;;15;5;7;3;6;13;3;2;3;1;0;0
04/05/2024;Monaco;Clermont;4;1;H;2;1;H;;23;9;8;1;13;12;4;4;3;1;0;0
04/05/2024;Metz;Rennes;2;3;A;2;1;H;;7;21;4;9;15;14;2;5;2;3;1;0
04/05/2024;Brest;Nantes;0;0;D;0;0;D;;9;9;2;1;6;14;6;0;3;2;0;0
06/05/2024;Lille;Lyon;3;4;A;2;0;H;;8;11;5;7;14;14;4;4;3;1;0;0
10/05/2024;Brest;Reims;1;1;D;1;1;D;;16;8;5;2;12;12;3;4;2;3;0;0
10/05/2024;Nice;Le Havre;1;0;H;1;0;H;;13;12;6;3;10;9;6;1;2;0;0;0
12/05/2024;Clermont;Lyon;0;1;A;0;0;D;;18;6;5;2;8;12;7;2;1;2;0;0
12/05/2024;Marseille;Lorient;3;1;H;2;1;H;;13;14;4;3;9;6;9;5;3;4;0;0
12/05/2024;Montpellier;Monaco;0;2;A;0;0;D;;14;19;3;9;20;10;3;3;1;1;0;0
12/05/2024;Nantes;Lille;1;2;A;0;2;A;;9;12;5;3;17;7;5;4;4;2;0;0
12/05/2024;Paris SG;Toulouse;1;3;A;1;1;D;;15;18;3;5;12;8;4;6;0;0;0;0
12/05/2024;Rennes;Lens;1;1;D;0;0;D;;16;8;6;4;12;14;4;3;2;3;0;0
12/05/2024;Strasbourg;Metz;2;1;H;0;0;D;;10;11;2;2;10;10;3;6;2;2;0;0
15/05/2024;Nice;Paris SG;1;2;A;1;2;A;;12;11;4;4;13;10;7;2;1;3;1;0
15/05/2024;Reims;Marseille;1;0;H;1;0;H;;10;19;3;3;17;9;3;10;3;1;0;0
19/05/2024;Le Havre;Marseille;1;2;A;0;0;D;;13;22;6;7;11;11;5;3;1;0;0;0
19/05/2024;Lens;Montpellier;2;2;D;2;0;H;;27;11;13;2;10;13;1;0;0;1;0;0
19/05/2024;Lille;Nice;2;2;D;0;1;A;;12;10;3;4;9;9;3;5;3;3;1;0
19/05/2024;Lorient;Clermont;5;0;H;2;0;H;;32;9;10;4;20;8;9;2;3;3;0;0
19/05/2024;Lyon;Strasbourg;2;1;H;1;0;H;;15;10;6;4;7;10;7;2;1;0;0;0
19/05/2024;Metz;Paris SG;0;2;A;0;2;A;;10;20;2;8;6;9;1;11;2;1;0;0
19/05/2024;Monaco;Nantes;4;0;H;3;0;H;;10;6;6;3;14;23;2;2;1;2;0;0
19/05/2024;Reims;Rennes;2;1;H;0;0;D;;6;15;4;5;11;17;2;4;1;1;0;0
19/05/2024;Toulouse;Brest;0;3;A;0;0;D;;8;12;2;6;12;17;6;2;1;2;0;0
16/08/2024;Le Havre;Paris SG;1;4;A;0;1;A;;5;14;2;9;9;9;2;8;3;0;0;0
17/08/2024;Brest;Marseille;1;5;A;1;3;A;;7;7;5;5;10;8;5;0;4;1;0;0
17/08/2024;Reims;Lille;0;2;A;0;1;A;;2;21;0;6;6;13;0;8;2;2;1;0
17/08/2024;Monaco;St Etienne;1;0;H;1;0;H;;13;7;6;4;13;14;5;4;1;1;0;0
18/08/2024;Auxerre;Nice;2;1;H;1;1;D;;16;9;7;2;11;17;3;5;0;0;0;0
18/08/2024;Angers;Lens;0;1;A;0;1;A;;4;10;3;5;6;10;7;3;1;0;0;0
18/08/2024;Montpellier;Strasbourg;1;1;D;0;0;D;;7;11;5;4;20;18;6;4;4;3;0;0
18/08/2024;Toulouse;Nantes;0;0;D;0;0;D;;7;6;3;2;10;8;10;5;1;3;0;0
18/08/2024;Rennes;Lyon;3;0;H;2;0;H;;22;16;8;2;13;12;7;7;2;1;0;0
23/08/2024;Paris SG;Montpellier;6;0;H;2;0;H;;21;6;10;3;9;16;10;2;1;4;0;0
24/08/2024;Lyon;Monaco;0;2;A;0;0;D;;2;15;1;4;10;7;0;6;0;0;0;1
24/08/2024;Lille;Angers;2;0;H;1;0;H;;11;5;6;2;9;17;3;2;1;2;0;0
24/08/2024;St Etienne;Le Havre;0;2;A;0;0;D;;18;14;5;5;11;9;2;4;3;3;0;0
25/08/2024;Lens;Brest;2;0;H;2;0;H;;22;10;11;2;8;6;5;2;0;0;1;0
25/08/2024;Nantes;Auxerre;2;0;H;1;0;H;;8;10;6;3;9;6;3;12;0;0;0;1
25/08/2024;Nice;Toulouse;1;1;D;0;0;D;;10;15;4;3;11;21;4;4;4;1;0;0
25/08/2024;Strasbourg;Rennes;3;1;H;1;0;H;;9;13;5;5;7;19;2;5;2;4;0;0
25/08/2024;Marseille;Reims;2;2;D;1;0;H;;16;12;10;3;10;13;2;4;1;1;0;0
30/08/2024;Lyon;Strasbourg;4;3;H;1;1;D;;22;14;13;7;10;6;9;2;3;2;0;0
31/08/2024;Brest;St Etienne;4;0;H;2;0;H;;17;3;7;0;12;28;7;2;0;5;0;0
31/08/2024;Montpellier;Nantes;1;3;A;1;2;A;;11;10;5;5;11;13;8;3;2;2;0;0
31/08/2024;Toulouse;Marseille;1;3;A;0;2;A;;4;11;2;5;10;12;2;3;4;2;1;0
01/09/2024;Monaco;Lens;1;1;D;0;0;D;;14;12;3;4;11;21;7;7;1;4;0;0
01/09/2024;Angers;Nice;1;4;A;0;2;A;;12;12;7;9;14;13;4;7;6;4;0;1
01/09/2024;Le Havre;Auxerre;3;1;H;1;1;D;;21;7;8;2;10;15;2;2;1;5;0;1
01/09/2024;Reims;Rennes;2;1;H;1;1;D;;11;13;7;5;9;12;3;5;2;1;0;0
01/09/2024;Lille;Paris SG;1;3;A;0;2;A;;10;10;4;7;7;5;3;1;3;2;0;0
13/09/2024;St Etienne;Lille;1;0;H;1;0;H;;10;17;5;4;12;10;2;7;1;1;0;0
14/09/2024;Marseille;Nice;2;0;H;1;0;H;;10;12;5;4;18;4;1;2;5;2;1;0
14/09/2024;Auxerre;Monaco;0;3;A;0;2;A;;13;19;3;9;13;16;1;6;3;0;0;0
14/09/2024;Paris SG;Brest;3;1;H;1;1;D;;22;5;9;3;7;13;9;1;2;3;0;0
15/09/2024;Rennes;Montpellier;3;0;H;2;0;H;;11;12;6;4;10;7;3;4;1;3;0;0
15/09/2024;Nantes;Reims;1;2;A;1;1;D;;18;11;6;4;14;5;6;3;3;1;0;0
15/09/2024;Strasbourg;Angers;1;1;D;1;0;H;;10;12;5;2;11;14;6;9;4;1;0;0
15/09/2024;Toulouse;Le Havre;2;0;H;0;0;D;;15;5;7;3;10;11;6;5;1;1;0;0
15/09/2024;Lens;Lyon;0;0;D;0;0;D;;12;8;5;3;12;11;5;8;0;0;0;0
20/09/2024;Nice;St Etienne;8;0;H;6;0;H;;18;8;12;2;7;13;3;2;0;1;0;0
21/09/2024;Lille;Strasbourg;3;3;D;2;2;D;;15;12;7;9;16;12;9;5;2;2;0;0
21/09/2024;Rennes;Lens;1;1;D;1;0;H;;11;10;6;2;16;20;4;3;2;4;0;0
21/09/2024;Reims;Paris SG;1;1;D;1;0;H;;8;11;1;4;11;6;3;5;2;1;0;0
22/09/2024;Monaco;Le Havre;3;1;H;1;1;D;;14;9;4;2;10;17;6;4;1;3;0;0
22/09/2024;Angers;Nantes;1;1;D;1;1;D;;4;9;1;3;13;16;3;6;1;4;0;0
22/09/2024;Brest;Toulouse;2;0;H;1;0;H;;9;10;5;1;15;18;4;3;1;1;0;0
22/09/2024;Montpellier;Auxerre;3;2;H;0;1;A;;14;11;5;6;13;20;11;5;3;4;0;0
22/09/2024;Lyon;Marseille;2;3;A;0;0;D;;18;6;9;5;13;7;10;3;4;3;0;1
27/09/2024;Auxerre;Brest;3;0;H;2;0;H;;15;8;4;4;13;16;2;3;2;0;0;0
27/09/2024;Paris SG;Rennes;3;1;H;1;0;H;;22;13;7;5;9;11;6;4;1;3;0;0
28/09/2024;Lens;Nice;0;0;D;0;0;D;;22;15;7;4;16;7;11;4;4;2;1;0
28/09/2024;Le Havre;Lille;0;3;A;0;2;A;;7;18;4;10;11;9;1;5;2;1;0;0
28/09/2024;Monaco;Montpellier;2;1;H;1;1;D;;21;9;7;4;17;17;6;2;4;3;0;1
29/09/2024;Toulouse;Lyon;1;2;A;1;1;D;;10;4;4;1;12;15;3;4;2;2;0;0
29/09/2024;Angers;Reims;1;3;A;0;2;A;;14;21;3;10;7;11;5;4;0;3;0;0
29/09/2024;Nantes;St Etienne;2;2;D;1;0;H;;16;5;3;3;11;12;8;4;2;2;1;0
29/09/2024;Strasbourg;Marseille;1;0;H;1;0;H;;14;10;6;3;17;7;8;3;2;1;0;0
04/10/2024;Marseille;Angers;1;1;D;0;0;D;;13;8;4;3;12;9;9;3;4;0;1;1
05/10/2024;St Etienne;Auxerre;3;1;H;1;0;H;;13;11;5;3;13;10;5;4;3;1;0;0
05/10/2024;Lille;Toulouse;2;1;H;0;1;A;;10;9;3;3;13;8;4;6;3;2;0;0
05/10/2024;Rennes;Monaco;1;2;A;1;2;A;;14;5;3;2;9;16;10;4;2;4;0;0
06/10/2024;Lyon;Nantes;2;0;H;1;0;H;;17;11;6;6;10;5;6;9;1;2;0;0
06/10/2024;Brest;Le Havre;2;0;H;1;0;H;;8;14;3;0;19;11;1;9;4;0;1;1
06/10/2024;Reims;Montpellier;4;2;H;2;1;H;;18;10;5;3;15;13;4;4;3;5;0;0
06/10/2024;Strasbourg;Lens;2;2;D;1;2;A;;8;12;5;5;15;18;3;5;2;4;0;0
06/10/2024;Nice;Paris SG;1;1;D;1;0;H;;9;19;3;9;7;9;5;15;1;2;0;0
18/10/2024;Monaco;Lille;0;0;D;0;0;D;;14;3;4;1;13;14;6;1;1;5;1;0
19/10/2024;Brest;Rennes;1;1;D;0;0;D;;12;6;2;4;18;15;2;4;2;2;0;0
19/10/2024;St Etienne;Lens;0;2;A;0;1;A;;15;13;1;5;12;16;2;7;1;2;0;0
19/10/2024;Paris SG;Strasbourg;4;2;H;1;0;H;;18;16;10;8;10;12;5;5;2;2;0;0
20/10/2024;Le Havre;Lyon;0;4;A;0;1;A;;7;16;1;8;17;11;4;6;3;4;0;0
20/10/2024;Auxerre;Reims;2;1;H;1;0;H;;10;15;8;3;6;10;5;9;2;3;0;0
20/10/2024;Nantes;Nice;1;1;D;0;0;D;;11;13;7;7;10;11;4;8;2;1;0;0
20/10/2024;Toulouse;Angers;1;1;D;0;1;A;;18;8;6;4;11;9;8;2;2;4;0;0
20/10/2024;Montpellier;Marseille;0;5;A;0;3;A;;13;21;5;10;11;18;3;2;1;3;1;0
25/10/2024;Rennes;Le Havre;1;0;H;0;0;D;;20;5;4;1;10;7;14;0;2;4;0;1
26/10/2024;Angers;St Etienne;4;2;H;2;1;H;;13;19;8;7;10;13;2;3;1;3;0;0
26/10/2024;Reims;Brest;1;2;A;1;2;A;;11;13;3;4;15;11;7;3;3;2;0;0
26/10/2024;Lens;Lille;0;2;A;0;0;D;;11;11;4;3;16;14;8;2;4;4;0;0
27/10/2024;Lyon;Auxerre;2;2;D;1;0;H;;12;17;8;4;7;14;5;4;0;4;0;0
27/10/2024;Montpellier;Toulouse;0;3;A;0;3;A;;9;15;2;6;8;20;1;3;1;2;1;0
27/10/2024;Nice;Monaco;2;1;H;1;1;D;;17;11;9;5;16;11;6;6;2;5;0;1
27/10/2024;Strasbourg;Nantes;3;1;H;1;0;H;;9;8;5;6;15;17;5;4;2;3;0;0
27/10/2024;Marseille;Paris SG;0;3;A;0;3;A;;5;19;1;8;4;7;1;2;1;0;1;0
01/11/2024;Monaco;Angers;0;1;A;0;1;A;;11;10;3;3;16;12;4;4;1;1;0;0
01/11/2024;Lille;Lyon;1;1;D;1;0;H;;14;14;2;3;12;10;4;9;3;1;0;0
02/11/2024;Paris SG;Lens;1;0;H;1;0;H;;18;13;8;2;3;20;7;4;1;5;0;1
02/11/2024;Brest;Nice;0;1;A;0;1;A;;16;12;6;3;9;4;6;2;0;2;0;0
02/11/2024;St Etienne;Strasbourg;2;0;H;0;0;D;;13;9;3;3;9;4;2;3;2;1;0;0
03/11/2024;Toulouse;Reims;1;0;H;0;0;D;;13;13;6;2;16;15;6;7;0;3;0;0
03/11/2024;Auxerre;Rennes;4;0;H;2;0;H;;16;7;8;4;11;15;3;8;0;2;0;0
03/11/2024;Le Havre;Montpellier;1;0;H;0;0;D;;12;15;4;1;11;13;2;10;2;1;0;0
03/11/2024;Nantes;Marseille;1;2;A;1;1;D;;7;9;3;4;16;6;2;5;1;1;0;0
08/11/2024;Marseille;Auxerre;1;3;A;0;3;A;;19;10;5;6;13;16;5;3;3;2;0;0
09/11/2024;Strasbourg;Monaco;1;3;A;1;0;H;;5;19;2;8;16;18;1;2;5;2;0;0
09/11/2024;Lens;Nantes;3;2;H;1;1;D;;15;9;3;3;14;8;6;1;2;0;0;0
09/11/2024;Angers;Paris SG;2;4;A;0;4;A;;10;26;3;12;5;16;6;8;0;3;0;0
10/11/2024;Nice;Lille;2;2;D;0;1;A;;17;13;5;6;12;9;6;2;2;2;0;0
10/11/2024;Le Havre;Reims;0;3;A;0;2;A;;10;18;3;7;10;17;8;7;1;4;0;0
10/11/2024;Montpellier;Brest;3;1;H;2;0;H;;14;19;8;6;18;13;3;7;5;1;0;0
10/11/2024;Rennes;Toulouse;0;2;A;0;2;A;;7;9;1;2;16;16;5;3;3;1;0;0
10/11/2024;Lyon;St Etienne;1;0;H;1;0;H;;17;10;7;6;11;13;7;6;3;2;0;0
22/11/2024;Monaco;Brest;3;2;H;2;0;H;;10;12;4;4;7;12;2;8;2;2;0;0
22/11/2024;Paris SG;Toulouse;3;0;H;1;0;H;;17;11;8;2;11;14;7;5;1;2;0;0
23/11/2024;Lens;Marseille;1;3;A;0;0;D;;16;7;7;4;17;9;6;0;3;3;0;0
23/11/2024;St Etienne;Montpellier;1;0;H;0;0;D;;11;11;4;3;19;11;5;11;3;5;0;0
23/11/2024;Reims;Lyon;1;1;D;0;1;A;;14;13;6;7;11;13;4;2;2;0;0;0
24/11/2024;Lille;Rennes;1;0;H;1;0;H;;5;4;2;1;19;16;3;3;3;2;0;0
24/11/2024;Auxerre;Angers;1;0;H;0;0;D;;10;10;6;5;13;7;2;2;4;1;0;0
24/11/2024;Nantes;Le Havre;0;2;A;0;1;A;;18;7;4;5;14;12;9;2;2;1;0;0
24/11/2024;Nice;Strasbourg;2;1;H;0;1;A;;15;10;5;3;16;8;4;7;2;0;0;0
29/11/2024;Reims;Lens;0;2;A;0;1;A;;16;11;3;6;14;12;3;1;1;2;0;0
30/11/2024;Rennes;St Etienne;5;0;H;2;0;H;;18;2;9;0;14;12;6;1;0;1;0;1
30/11/2024;Brest;Strasbourg;3;1;H;2;0;H;;11;12;8;4;15;8;4;3;3;2;0;0
30/11/2024;Paris SG;Nantes;1;1;D;1;1;D;;24;5;10;2;3;6;9;3;0;0;0;0
01/12/2024;Montpellier;Lille;2;2;D;1;1;D;;11;13;5;4;9;21;7;2;4;5;1;1
01/12/2024;Le Havre;Angers;0;1;A;0;0;D;;5;12;1;3;8;10;2;4;2;0;0;0
01/12/2024;Lyon;Nice;4;1;H;3;1;H;;16;16;8;7;11;11;5;4;1;2;0;0
01/12/2024;Toulouse;Auxerre;2;0;H;2;0;H;;12;4;7;0;14;12;6;2;0;0;0;0
01/12/2024;Marseille;Monaco;2;1;H;0;1;A;;9;7;4;4;15;16;5;3;0;1;0;0
06/12/2024;Lille;Brest;3;1;H;2;0;H;;10;7;6;3;13;16;2;1;1;1;0;0
06/12/2024;Auxerre;Paris SG;0;0;D;0;0;D;;6;25;2;11;8;7;3;15;2;1;0;0
07/12/2024;Monaco;Toulouse;2;0;H;0;0;D;;19;6;5;3;15;16;2;3;2;2;0;0
07/12/2024;Nice;Le Havre;2;1;H;0;0;D;;17;12;5;2;10;10;5;8;3;2;0;0
07/12/2024;Angers;Lyon;0;3;A;0;1;A;;10;16;2;10;13;13;2;7;0;2;0;0
08/12/2024;Lens;Montpellier;2;0;H;1;0;H;;18;7;4;4;15;7;6;3;2;3;0;0
08/12/2024;Nantes;Rennes;1;0;H;0;0;D;;14;5;2;3;15;9;5;4;1;1;0;1
08/12/2024;Strasbourg;Reims;0;0;D;0;0;D;;7;11;2;3;13;16;3;2;1;2;0;0
08/12/2024;St Etienne;Marseille;0;2;A;0;1;A;;3;21;2;10;13;10;0;9;1;1;0;0
13/12/2024;Toulouse;St Etienne;2;1;H;0;0;D;;11;3;4;2;16;15;2;3;3;4;0;0
14/12/2024;Marseille;Lille;1;1;D;1;0;H;;9;10;3;5;14;9;3;8;1;3;1;0
14/12/2024;Auxerre;Lens;2;2;D;1;2;A;;10;16;3;5;10;10;3;5;3;1;0;0
14/12/2024;Reims;Monaco;0;0;D;0;0;D;;8;14;0;3;15;22;1;4;1;3;0;0
15/12/2024;Montpellier;Nice;2;2;D;1;2;A;;20;18;8;6;15;13;9;4;1;2;0;0
15/12/2024;Brest;Nantes;4;1;H;2;0;H;;13;16;8;7;10;14;0;5;3;3;0;0
15/12/2024;Le Havre;Strasbourg;0;3;A;0;2;A;;11;9;1;5;11;7;3;2;0;1;0;0
15/12/2024;Rennes;Angers;2;0;H;1;0;H;;7;3;4;0;18;12;2;1;3;1;0;0
15/12/2024;Paris SG;Lyon;3;1;H;2;1;H;;13;7;6;3;7;8;4;3;2;3;0;0
18/12/2024;Monaco;Paris SG;2;4;A;0;1;A;;15;17;5;12;11;11;1;9;2;0;0;0
03/01/2025;Nice;Rennes;3;2;H;3;1;H;;9;10;6;5;11;14;3;3;3;3;1;0
04/01/2025;St Etienne;Reims;3;1;H;0;1;A;;14;11;4;1;19;10;6;9;2;1;0;0
04/01/2025;Lille;Nantes;1;1;D;1;0;H;;13;6;3;2;6;10;2;0;1;2;0;0
04/01/2025;Lyon;Montpellier;1;0;H;0;0;D;;12;16;2;6;8;10;3;5;1;2;0;0
05/01/2025;Angers;Brest;2;0;H;1;0;H;;7;12;2;4;14;11;2;4;2;1;0;0
05/01/2025;Lens;Toulouse;0;1;A;0;0;D;;14;8;1;4;20;12;7;1;5;2;1;0
05/01/2025;Strasbourg;Auxerre;3;1;H;1;1;D;;11;14;4;7;10;13;4;3;1;2;0;0
05/01/2025;Marseille;Le Havre;5;1;H;3;0;H;;15;4;9;1;12;6;4;0;1;0;0;0
10/01/2025;Nantes;Monaco;2;2;D;1;0;H;;10;15;4;7;17;14;3;11;3;0;0;0
10/01/2025;Auxerre;Lille;0;0;D;0;0;D;;13;13;3;5;7;8;6;10;0;4;1;0
11/01/2025;Brest;Lyon;2;1;H;2;1;H;;11;10;6;3;10;10;4;7;1;2;0;0
11/01/2025;Reims;Nice;2;4;A;1;2;A;;12;15;3;10;12;7;6;3;4;2;0;0
11/01/2025;Rennes;Marseille;1;2;A;1;1;D;;5;13;4;7;11;13;2;3;2;2;0;0
12/01/2025;Le Havre;Lens;1;2;A;1;1;D;;8;25;4;7;11;14;3;8;2;2;0;0
12/01/2025;Montpellier;Angers;1;3;A;0;1;A;;8;21;3;8;11;15;3;3;6;2;2;0
12/01/2025;Toulouse;Strasbourg;1;2;A;1;2;A;;19;8;5;2;12;14;3;2;1;4;0;0
12/01/2025;Paris SG;St Etienne;2;1;H;2;0;H;;25;8;9;3;16;11;7;3;1;2;0;0
17/01/2025;Montpellier;Monaco;2;1;H;0;1;A;;12;26;4;11;7;9;4;16;1;2;0;0
17/01/2025;Lille;Nice;2;1;H;0;1;A;;11;11;4;3;13;13;7;7;1;3;0;0
18/01/2025;Lens;Paris SG;1;2;A;1;0;H;;10;9;5;7;12;8;6;1;2;2;0;0
18/01/2025;Rennes;Brest;1;2;A;0;1;A;;22;10;9;3;13;11;4;4;2;3;0;0
18/01/2025;Lyon;Toulouse;0;0;D;0;0;D;;11;13;3;4;8;8;8;5;1;0;0;0
19/01/2025;St Etienne;Nantes;1;1;D;0;1;A;;12;8;2;4;9;11;7;7;2;1;0;0
19/01/2025;Angers;Auxerre;2;0;H;1;0;H;;12;10;4;4;9;10;4;2;2;1;0;1
19/01/2025;Reims;Le Havre;1;1;D;1;0;H;;11;7;3;2;9;8;6;6;2;2;0;0
19/01/2025;Marseille;Strasbourg;1;1;D;0;1;A;;18;7;3;3;13;14;9;3;3;3;0;0
24/01/2025;Auxerre;St Etienne;1;1;D;1;1;D;;11;8;5;3;15;13;3;4;2;0;0;0
25/01/2025;Monaco;Rennes;3;2;H;1;1;D;;20;14;10;5;12;16;4;2;3;3;0;0
25/01/2025;Strasbourg;Lille;2;1;H;0;1;A;;11;15;7;6;10;9;6;7;4;2;0;0
25/01/2025;Paris SG;Reims;1;1;D;0;0;D;;18;6;7;3;13;13;8;1;2;2;0;0
26/01/2025;Le Havre;Brest;0;1;A;0;1;A;;11;17;1;9;12;14;6;6;2;3;0;0
26/01/2025;Lens;Angers;1;0;H;0;0;D;;16;2;4;0;16;10;4;4;1;1;0;0
26/01/2025;Nantes;Lyon;1;1;D;0;1;A;;7;15;5;4;14;11;4;8;3;1;0;0
26/01/2025;Toulouse;Montpellier;1;2;A;0;0;D;;15;6;6;4;9;15;6;2;1;2;0;0
26/01/2025;Nice;Marseille;2;0;H;1;0;H;;14;18;5;6;12;9;6;12;1;1;0;0
31/01/2025;Montpellier;Lens;0;2;A;0;1;A;;14;19;2;5;12;17;4;5;4;3;0;0
01/02/2025;Brest;Paris SG;2;5;A;0;1;A;;14;14;7;7;9;12;4;7;1;0;0;0
01/02/2025;Monaco;Auxerre;4;2;H;1;2;A;;11;12;6;7;17;15;5;4;2;2;0;0
01/02/2025;Lille;St Etienne;4;1;H;1;1;D;;29;9;13;2;11;12;7;1;1;1;0;1
02/02/2025;Toulouse;Nice;1;1;D;0;1;A;;15;13;4;3;20;20;7;2;2;2;0;0
02/02/2025;Angers;Le Havre;1;1;D;0;0;D;;17;13;2;5;8;19;4;2;2;4;1;1
02/02/2025;Reims;Nantes;1;2;A;1;1;D;;13;11;2;6;14;10;9;3;3;3;1;0
02/02/2025;Rennes;Strasbourg;1;0;H;0;0;D;;13;7;3;3;14;10;6;2;3;3;0;0
02/02/2025;Marseille;Lyon;3;2;H;0;0;D;;20;10;11;4;13;10;6;2;4;1;0;0
07/02/2025;Nantes;Brest;0;2;A;0;1;A;;15;10;2;6;15;13;12;4;3;2;0;0
07/02/2025;Paris SG;Monaco;4;1;H;1;1;D;;16;9;7;3;9;11;1;1;1;0;0;0
08/02/2025;Nice;Lens;2;0;H;1;0;H;;16;12;8;3;6;19;7;3;1;4;0;1
08/02/2025;Lille;Le Havre;1;2;A;0;1;A;;14;14;5;6;16;8;8;10;2;1;0;0
08/02/2025;St Etienne;Rennes;0;2;A;0;1;A;;9;21;3;9;13;6;2;4;1;5;0;0
09/02/2025;Lyon;Reims;4;0;H;1;0;H;;15;9;9;2;10;12;6;6;0;0;0;0
09/02/2025;Auxerre;Toulouse;2;2;D;0;0;D;;9;7;3;3;11;9;3;5;1;1;0;0
09/02/2025;Strasbourg;Montpellier;2;0;H;1;0;H;;22;11;6;2;12;12;6;2;1;4;0;0
09/02/2025;Angers;Marseille;0;2;A;0;0;D;;5;18;0;10;10;8;1;7;1;2;0;0
14/02/2025;Brest;Auxerre;2;2;D;0;1;A;;18;11;6;6;9;12;6;4;2;2;0;0
15/02/2025;Marseille;St Etienne;5;1;H;1;0;H;;28;7;14;2;14;9;14;3;1;1;0;0
15/02/2025;Monaco;Nantes;7;1;H;2;1;H;;22;6;11;2;18;9;9;1;1;1;0;1
15/02/2025;Toulouse;Paris SG;0;1;A;0;0;D;;14;20;4;6;9;6;5;2;2;0;0;0
16/02/2025;Montpellier;Lyon;1;4;A;1;1;D;;11;9;4;6;14;12;7;4;3;1;0;0
16/02/2025;Le Havre;Nice;1;3;A;1;2;A;;14;9;4;3;14;16;6;2;2;2;0;1
16/02/2025;Lens;Strasbourg;0;2;A;0;0;D;;7;13;0;5;12;15;7;3;4;2;1;0
16/02/2025;Reims;Angers;0;1;A;0;1;A;;16;10;4;3;13;6;1;4;2;1;0;0
16/02/2025;Rennes;Lille;0;2;A;0;0;D;;4;18;0;7;9;18;4;8;2;1;1;0
21/02/2025;Rennes;Reims;1;0;H;1;0;H;;26;3;5;0;15;7;9;2;1;2;0;2
22/02/2025;Lille;Monaco;2;1;H;2;1;H;;9;13;6;3;11;18;1;6;4;2;0;0
22/02/2025;St Etienne;Angers;3;3;D;1;2;A;;19;13;8;4;13;16;4;3;3;0;0;0
22/02/2025;Auxerre;Marseille;3;0;H;1;0;H;;9;8;5;2;9;13;2;5;1;3;0;1
23/02/2025;Nantes;Lens;3;1;H;1;0;H;;17;14;8;4;13;18;2;11;2;4;0;1
23/02/2025;Le Havre;Toulouse;1;4;A;0;1;A;;11;11;3;5;11;13;5;3;0;2;1;0
23/02/2025;Nice;Montpellier;2;0;H;1;0;H;;16;13;6;1;17;15;8;5;1;1;0;0
23/02/2025;Strasbourg;Brest;0;0;D;0;0;D;;3;12;1;2;12;12;1;8;3;1;0;0
23/02/2025;Lyon;Paris SG;2;3;A;0;0;D;;14;15;7;8;12;8;5;4;1;1;0;0
28/02/2025;Monaco;Reims;3;0;H;2;0;H;;23;9;9;5;7;7;7;2;0;0;0;0
01/03/2025;St Etienne;Nice;1;3;A;1;1;D;;12;16;3;9;10;11;3;4;2;1;0;0
01/03/2025;Lens;Le Havre;3;4;A;2;2;D;;20;8;7;4;12;11;9;2;2;2;0;0
01/03/2025;Paris SG;Lille;4;1;H;4;0;H;;26;6;11;2;6;10;9;3;0;1;0;0
02/03/2025;Lyon;Brest;2;1;H;1;1;D;;10;15;4;5;16;12;2;5;2;1;0;0
02/03/2025;Angers;Toulouse;0;4;A;0;0;D;;5;19;1;13;13;9;4;9;3;3;0;0
02/03/2025;Auxerre;Strasbourg;0;1;A;0;0;D;;14;6;5;3;10;10;5;3;1;3;0;1
02/03/2025;Montpellier;Rennes;0;4;A;0;1;A;;16;15;5;9;15;15;6;5;2;1;0;0
02/03/2025;Marseille;Nantes;2;0;H;0;0;D;;21;8;5;2;14;15;3;2;1;2;0;0
07/03/2025;Toulouse;Monaco;1;1;D;0;1;A;;8;13;3;3;16;17;3;5;1;3;0;0
08/03/2025;Rennes;Paris SG;1;4;A;0;1;A;;13;19;3;9;11;6;3;2;2;3;0;0
08/03/2025;Lille;Montpellier;1;0;H;0;0;D;;18;10;8;3;11;12;7;1;2;3;0;0
08/03/2025;Marseille;Lens;0;1;A;0;0;D;;15;3;6;2;15;12;7;0;3;1;0;0
09/03/2025;Brest;Angers;2;0;H;1;0;H;;19;7;7;1;14;8;6;6;1;1;0;0
09/03/2025;Le Havre;St Etienne;1;1;D;1;1;D;;13;12;7;3;9;17;5;6;2;3;0;0
09/03/2025;Nantes;Strasbourg;0;1;A;0;0;D;;11;9;2;1;12;17;3;9;1;1;0;0
09/03/2025;Reims;Auxerre;0;2;A;0;2;A;;18;13;4;9;9;13;6;12;1;1;0;0
09/03/2025;Nice;Lyon;0;2;A;0;0;D;;18;8;4;5;12;11;9;2;1;2;0;0
14/03/2025;Nice;Auxerre;1;1;D;1;0;H;;20;10;6;4;14;18;7;3;1;3;1;0
15/03/2025;Nantes;Lille;1;0;H;0;0;D;;10;13;3;4;9;15;3;5;2;3;1;0
15/03/2025;Angers;Monaco;0;2;A;0;0;D;;6;16;2;5;12;11;0;9;1;2;0;0
15/03/2025;Lens;Rennes;1;0;H;0;0;D;;9;12;4;5;17;14;5;4;1;1;0;0
16/03/2025;Lyon;Le Havre;4;2;H;1;2;A;;16;14;7;5;20;12;4;1;2;3;0;0
16/03/2025;Brest;Reims;0;0;D;0;0;D;;11;12;0;2;9;13;4;4;1;3;1;0
16/03/2025;Montpellier;St Etienne;0;2;A;0;1;A;;13;11;3;6;4;7;4;6;1;3;0;1
16/03/2025;Strasbourg;Toulouse;2;1;H;0;1;A;;10;11;3;7;10;14;4;3;0;2;0;0
16/03/2025;Paris SG;Marseille;3;1;H;2;0;H;;16;11;5;2;7;9;5;5;1;0;0;0
28/03/2025;Strasbourg;Lyon;4;2;H;0;0;D;;14;16;7;11;12;15;6;5;2;2;0;0
29/03/2025;Reims;Marseille;3;1;H;1;0;H;;7;20;5;8;6;9;0;12;0;0;0;0
29/03/2025;St Etienne;Paris SG;1;6;A;1;1;D;;11;22;2;10;9;12;3;6;2;0;0;0
29/03/2025;Monaco;Nice;2;1;H;0;1;A;;17;9;6;4;17;14;7;4;2;4;0;1
30/03/2025;Toulouse;Brest;2;4;A;0;2;A;;17;10;4;5;10;18;10;3;0;5;0;0
30/03/2025;Angers;Rennes;0;3;A;0;1;A;;9;14;4;6;10;16;6;5;1;0;0;0
30/03/2025;Auxerre;Montpellier;1;0;H;0;0;D;;21;12;6;1;14;14;10;6;3;1;0;0
30/03/2025;Le Havre;Nantes;3;2;H;2;1;H;;16;7;5;2;16;9;3;4;1;2;0;0
30/03/2025;Lille;Lens;1;0;H;1;0;H;;11;5;5;2;13;15;6;2;1;3;0;0
04/04/2025;Nice;Nantes;1;2;A;1;2;A;;21;8;9;4;9;14;11;2;1;1;0;0
05/04/2025;Paris SG;Angers;1;0;H;0;0;D;;20;5;6;0;7;12;5;1;0;3;0;0
05/04/2025;Brest;Monaco;2;1;H;1;0;H;;13;10;4;3;13;16;2;9;3;2;0;0
05/04/2025;Lyon;Lille;2;1;H;1;1;D;;10;10;4;4;15;14;1;3;3;2;0;0
06/04/2025;Lens;St Etienne;1;0;H;0;0;D;;20;8;5;3;14;20;6;3;3;2;0;0
06/04/2025;Montpellier;Le Havre;0;2;A;0;2;A;;14;13;6;4;15;7;5;2;1;1;1;0
06/04/2025;Reims;Strasbourg;0;1;A;0;1;A;;14;13;7;4;11;9;4;7;2;2;1;1
06/04/2025;Rennes;Auxerre;0;1;A;0;0;D;;18;11;5;3;10;5;8;5;0;0;0;0
06/04/2025;Marseille;Toulouse;3;2;H;1;1;D;;9;8;4;3;11;15;5;1;2;3;0;0
11/04/2025;Lens;Reims;0;2;A;0;1;A;;37;10;14;2;9;7;9;2;1;0;0;0
12/04/2025;Monaco;Marseille;3;0;H;1;0;H;;15;8;10;4;6;18;4;4;2;1;0;0
12/04/2025;Toulouse;Lille;1;2;A;1;2;A;;10;6;5;3;15;11;4;2;1;2;0;0
12/04/2025;Strasbourg;Nice;2;2;D;0;1;A;;11;23;4;6;5;8;2;9;1;2;0;0
13/04/2025;St Etienne;Brest;3;3;D;2;3;A;;9;14;4;6;21;18;7;9;2;4;0;0
13/04/2025;Angers;Montpellier;2;0;H;2;0;H;;10;4;4;1;12;13;6;1;0;2;0;0
13/04/2025;Le Havre;Rennes;1;5;A;1;3;A;;11;10;2;6;16;11;4;3;2;3;0;0
13/04/2025;Auxerre;Lyon;1;3;A;0;0;D;;14;13;3;7;11;9;3;6;3;1;0;0
18/04/2025;Rennes;Nantes;2;1;H;1;0;H;;19;4;5;1;24;13;10;2;3;5;0;1
19/04/2025;Paris SG;Le Havre;2;1;H;1;0;H;;18;9;11;1;7;10;7;3;0;0;0;0
19/04/2025;Monaco;Strasbourg;0;0;D;0;0;D;;12;5;4;2;18;10;3;2;3;3;0;0
19/04/2025;Marseille;Montpellier;5;1;H;1;0;H;;18;6;8;1;11;11;7;2;2;2;0;0
20/04/2025;Lille;Auxerre;3;1;H;2;0;H;;15;7;9;3;8;13;8;4;1;2;0;0
20/04/2025;Brest;Lens;1;3;A;1;2;A;;11;17;5;9;11;11;7;6;0;0;1;0
20/04/2025;Nice;Angers;2;1;H;1;0;H;;22;5;8;2;10;8;4;2;1;1;0;0
20/04/2025;Reims;Toulouse;1;0;H;1;0;H;;8;18;2;6;11;12;0;9;1;0;0;1
20/04/2025;St Etienne;Lyon;2;1;H;1;0;H;;18;14;6;2;12;13;8;6;3;4;0;0
22/04/2025;Nantes;Paris SG;1;1;D;0;1;A;;8;10;2;5;5;9;4;4;2;0;0;0
25/04/2025;Paris SG;Nice;1;3;A;1;1;D;;32;7;13;3;9;11;17;0;3;1;0;0
26/04/2025;Strasbourg;St Etienne;3;1;H;1;1;D;;18;17;7;6;10;7;5;8;1;0;0;0
26/04/2025;Le Havre;Monaco;1;1;D;1;0;H;;9;19;3;7;12;13;3;6;1;0;0;0
26/04/2025;Lyon;Rennes;4;1;H;3;0;H;;14;10;8;4;12;9;7;2;0;0;0;0
27/04/2025;Angers;Lille;0;2;A;0;1;A;;6;9;3;5;17;10;7;2;1;5;0;1
27/04/2025;Lens;Auxerre;0;4;A;0;3;A;;16;12;5;8;12;13;8;1;4;4;1;0
27/04/2025;Montpellier;Reims;0;0;D;0;0;D;;12;8;2;3;17;13;5;5;3;3;0;0
27/04/2025;Nantes;Toulouse;0;0;D;0;0;D;;11;6;3;3;13;11;3;5;2;3;0;1
27/04/2025;Marseille;Brest;4;1;H;3;1;H;;11;9;7;4;14;16;4;3;1;4;0;0
02/05/2025;Nice;Reims;1;0;H;1;0;H;;8;16;2;3;14;21;5;3;2;2;0;0
03/05/2025;Strasbourg;Paris SG;2;1;H;2;0;H;;9;20;2;4;14;13;6;2;1;2;0;0
03/05/2025;Toulouse;Rennes;2;1;H;1;0;H;;9;15;3;6;7;15;6;5;2;2;0;0
03/05/2025;St Etienne;Monaco;1;3;A;0;1;A;;11;12;1;6;15;12;6;5;0;0;0;0
04/05/2025;Nantes;Angers;0;1;A;0;0;D;;8;14;3;2;12;16;4;6;2;3;0;0
04/05/2025;Auxerre;Le Havre;1;2;A;0;0;D;;4;11;1;5;11;10;0;9;2;1;0;0
04/05/2025;Brest;Montpellier;1;0;H;1;0;H;;16;6;5;1;14;18;4;6;1;2;0;0
04/05/2025;Lyon;Lens;1;2;A;0;1;A;;18;8;4;3;8;12;8;2;2;3;0;0
04/05/2025;Lille;Marseille;1;1;D;0;0;D;;5;13;1;6;9;8;2;5;2;2;0;0
10/05/2025;Angers;Strasbourg;2;1;H;1;1;D;;5;15;2;3;6;10;2;6;2;2;0;0
10/05/2025;Auxerre;Nantes;1;1;D;1;0;H;;9;7;3;2;15;16;7;3;3;1;0;0
10/05/2025;Brest;Lille;2;0;H;1;0;H;;12;18;4;2;6;14;3;7;1;1;0;0
10/05/2025;Le Havre;Marseille;1;3;A;0;0;D;;10;22;4;5;12;12;2;9;2;2;0;0
10/05/2025;Monaco;Lyon;2;0;H;0;0;D;;11;9;5;4;16;18;3;5;2;4;0;0
10/05/2025;Montpellier;Paris SG;1;4;A;0;1;A;;9;10;4;8;14;11;5;4;1;1;0;0
10/05/2025;Reims;St Etienne;0;2;A;0;2;A;;19;9;3;4;13;12;4;5;1;0;0;0
10/05/2025;Rennes;Nice;2;0;H;1;0;H;;10;14;4;6;5;13;1;5;1;1;0;0
10/05/2025;Toulouse;Lens;1;1;D;0;0;D;;9;12;6;2;17;12;2;1;2;5;0;0
17/05/2025;Lens;Monaco;4;0;H;1;0;H;;15;6;5;4;14;9;5;4;1;1;0;1
17/05/2025;Lille;Reims;2;1;H;1;0;H;;21;5;5;2;11;7;10;3;0;1;0;0
17/05/2025;Lyon;Angers;2;0;H;0;0;D;;21;13;4;3;10;13;8;8;1;3;0;0
17/05/2025;Marseille;Rennes;4;2;H;3;1;H;;17;9;10;3;8;12;5;5;3;3;0;0
17/05/2025;Nantes;Montpellier;3;0;H;2;0;H;;18;9;6;0;14;9;7;2;3;1;0;0
17/05/2025;Nice;Brest;6;0;H;3;0;H;;18;10;9;1;13;12;5;2;0;5;0;0
17/05/2025;Paris SG;Auxerre;3;1;H;0;1;A;;21;7;9;2;10;9;5;2;1;2;0;0
17/05/2025;St Etienne;Toulouse;2;3;A;1;2;A;;18;17;7;9;10;7;7;6;3;2;0;0
17/05/2025;Strasbourg;Le Havre;2;3;A;1;1;D;;6;10;4;5;18;8;4;3;2;0;1;0
15/08/2025;Rennes;Marseille;1;0;H;0;0;D;;7;16;2;14;7;9;1;12;2;3;1;0
16/08/2025;Lens;Lyon;0;1;A;0;1;A;;7;5;3;3;8;12;13;8;2;3;0;0
16/08/2025;Monaco;Le Havre;3;1;H;1;0;H;;10;5;6;6;5;9;5;4;0;1;0;0
16/08/2025;Nice;Toulouse;0;1;A;0;0;D;;14;10;3;3;12;14;9;4;2;3;0;0
17/08/2025;Brest;Lille;3;3;D;1;2;A;;8;7;4;6;12;12;2;2;1;0;0;0
17/08/2025;Auxerre;Lorient;1;0;H;0;0;D;;10;16;5;5;13;9;4;4;3;2;0;0
17/08/2025;Angers;Paris FC;1;0;H;1;0;H;;6;12;3;5;14;10;3;7;1;1;0;0
17/08/2025;Metz;Strasbourg;0;1;A;0;0;D;;2;13;1;5;13;12;3;3;2;2;0;0
17/08/2025;Nantes;Paris SG;0;1;A;0;0;D;;5;12;0;4;5;7;2;7;1;0;0;0
22/08/2025;Paris SG;Angers;1;0;H;0;0;D;;20;3;8;0;3;8;12;0;0;0;0;0
23/08/2025;Marseille;Paris FC;5;2;H;2;1;H;;9;7;7;3;10;10;5;2;1;0;0;0
23/08/2025;Nice;Auxerre;3;1;H;2;1;H;;14;6;7;5;11;16;5;4;2;0;1;0
23/08/2025;Lyon;Metz;3;0;H;2;0;H;;10;3;7;2;9;13;4;3;2;0;0;0
24/08/2025;Lorient;Rennes;4;0;H;1;0;H;;11;3;7;1;14;4;3;2;0;6;2;0
24/08/2025;Le Havre;Lens;1;2;A;1;2;A;;8;4;5;3;12;15;7;0;1;0;0;0
24/08/2025;Strasbourg;Nantes;1;0;H;0;0;D;;16;9;6;2;5;6;7;6;2;0;0;0
24/08/2025;Toulouse;Brest;2;0;H;0;0;D;;8;15;5;1;11;10;3;9;1;0;0;0
24/08/2025;Lille;Monaco;1;0;H;0;0;D;;12;6;2;3;8;13;8;3;2;0;0;0
29/08/2025;Lens;Brest;3;1;H;0;1;A;;16;4;7;2;8;11;15;1;3;0;1;0
30/08/2025;Lorient;Lille;1;7;A;0;0;D;;2;11;1;9;7;14;3;8;3;0;0;0
30/08/2025;Nantes;Auxerre;1;0;H;1;0;H;;3;7;3;4;13;10;3;9;3;0;0;0
30/08/2025;Toulouse;Paris SG;3;6;A;1;4;A;;8;8;5;7;6;9;5;7;0;1;0;0
31/08/2025;Angers;Rennes;1;1;D;0;1;A;;9;8;6;6;9;11;1;7;2;0;0;0
31/08/2025;Monaco;Strasbourg;3;2;H;1;0;H;;12;8;8;5;10;12;6;5;1;0;1;1
31/08/2025;Le Havre;Nice;3;1;H;1;0;H;;11;8;5;3;9;10;0;5;0;0;0;0
31/08/2025;Paris FC;Metz;3;2;H;1;1;D;;15;6;8;2;4;6;1;14;1;0;1;0
31/08/2025;Lyon;Marseille;1;0;H;0;0;D;;6;3;3;1;14;11;9;4;2;2;0;1
12/09/2025;Marseille;Lorient;4;0;H;3;0;H;;17;7;10;1;12;3;10;3;2;0;0;1
13/09/2025;Nice;Nantes;1;0;H;0;0;D;;18;15;11;4;8;6;7;4;2;0;0;0
13/09/2025;Auxerre;Monaco;1;2;A;0;1;A;;7;7;3;5;8;8;5;8;2;6;0;0
14/09/2025;Lille;Toulouse;2;1;H;0;0;D;;20;10;13;4;13;9;7;6;2;3;0;1
14/09/2025;Metz;Angers;1;1;D;1;0;H;;13;14;6;8;9;6;4;3;0;1;0;0
14/09/2025;Paris SG;Lens;2;0;H;1;0;H;;19;13;10;9;10;8;4;3;1;2;0;0
14/09/2025;Strasbourg;Le Havre;1;0;H;0;0;D;;13;11;5;10;7;13;4;3;1;2;2;0
14/09/2025;Brest;Paris FC;1;2;A;0;2;A;;27;6;18;2;7;7;6;1;0;2;0;1
14/09/2025;Rennes;Lyon;3;1;H;0;1;A;;28;9;21;3;17;11;5;4;2;2;0;1
19/09/2025;Lyon;Angers;1;0;H;0;0;D;;10;5;5;4;17;9;7;4;2;2;0;0
20/09/2025;Nantes;Rennes;2;2;D;0;2;A;;11;10;7;6;14;15;4;4;3;1;0;0
20/09/2025;Brest;Nice;4;1;H;2;1;H;;8;13;3;8;14;10;2;7;1;3;0;0
20/09/2025;Lens;Lille;3;0;H;2;0;H;;10;7;5;3;14;9;4;10;1;3;0;0
21/09/2025;Paris FC;Strasbourg;2;3;A;0;1;A;;7;6;4;2;12;8;4;2;1;5;0;0
21/09/2025;Auxerre;Toulouse;1;0;H;1;0;H;;4;8;3;5;8;15;3;4;1;6;1;0
21/09/2025;Monaco;Metz;5;2;H;1;1;D;;12;5;4;2;14;6;4;5;1;0;0;0
21/09/2025;Le Havre;Lorient;1;1;D;0;1;A;;6;6;5;3;13;12;6;2;3;6;0;0
22/09/2025;Marseille;Paris SG;1;0;H;1;0;H;;0;0;0;0;0;0;0;0;0;0;0;0
26/09/2025;Strasbourg;Marseille;1;2;A;0;0;D;;9;11;7;5;11;13;5;4;2;4;0;0
27/09/2025;Lorient;Monaco;3;1;H;1;0;H;;9;4;3;2;7;11;2;4;2;2;2;0
27/09/2025;Toulouse;Nantes;2;2;D;0;1;A;;11;5;5;3;14;11;1;4;2;3;0;0
27/09/2025;Paris SG;Auxerre;2;0;H;1;0;H;;10;3;4;1;17;10;5;5;1;2;0;0
28/09/2025;Nice;Paris FC;1;1;D;1;0;H;;5;5;0;2;12;11;5;5;1;1;0;0
28/09/2025;Angers;Brest;0;2;A;0;2;A;;6;5;4;2;13;13;11;4;1;1;0;0
28/09/2025;Metz;Le Havre;0;0;D;0;0;D;;3;4;3;1;9;9;4;6;2;2;0;0
28/09/2025;Lille;Lyon;0;1;A;0;1;A;;7;3;4;1;21;25;3;4;4;4;0;0
28/09/2025;Rennes;Lens;0;0;D;0;0;D;;6;7;5;5;20;6;8;4;3;2;0;1
03/10/2025;Paris FC;Lorient;2;0;H;2;0;H;;8;6;5;3;20;10;1;5;0;3;0;0
04/10/2025;Metz;Marseille;0;3;A;0;0;D;;3;18;2;9;8;8;4;4;0;0;0;0
04/10/2025;Brest;Nantes;0;0;D;0;0;D;;7;3;1;3;10;11;12;3;2;1;0;0
04/10/2025;Auxerre;Lens;1;2;A;0;1;A;;8;5;7;1;8;18;2;2;3;6;0;1
05/10/2025;Lyon;Toulouse;1;2;A;1;0;H;;10;6;7;3;13;17;8;5;1;3;0;0
05/10/2025;Monaco;Nice;2;2;D;1;2;A;;18;6;9;3;10;7;6;7;1;2;0;1
05/10/2025;Le Havre;Rennes;2;2;D;1;2;A;;9;6;7;3;8;13;3;4;1;2;0;0
05/10/2025;Strasbourg;Angers;5;0;H;1;0;H;;10;1;1;0;13;9;2;5;2;2;0;0
05/10/2025;Lille;Paris SG;1;1;D;0;0;D;;4;11;1;7;11;13;3;5;1;1;0;0
24/10/2025;Paris FC;Nantes;1;2;A;1;2;A;;10;6;7;3;10;12;8;2;3;2;0;0
25/10/2025;Brest;Paris SG;0;3;A;0;2;A;;6;14;3;7;8;8;2;7;1;1;0;0
25/10/2025;Monaco;Toulouse;1;0;H;1;0;H;;8;4;2;2;14;18;2;5;3;4;0;0
25/10/2025;Lens;Marseille;2;1;H;1;1;D;;11;10;3;7;12;8;4;8;3;3;0;0
26/10/2025;Lille;Metz;6;1;H;2;0;H;;19;9;6;4;17;11;7;8;3;2;0;0
26/10/2025;Auxerre;Le Havre;0;1;A;0;0;D;;9;5;7;2;19;12;13;5;2;2;0;0
26/10/2025;Angers;Lorient;2;0;H;1;0;H;;5;12;1;8;11;6;1;6;1;1;0;0
26/10/2025;Rennes;Nice;1;2;A;0;2;A;;14;6;6;3;15;20;7;3;5;2;0;0
26/10/2025;Lyon;Strasbourg;2;1;H;1;1;D;;4;5;1;3;12;12;4;2;0;4;0;1
29/10/2025;Lorient;Paris SG;1;1;D;0;0;D;;5;10;3;3;4;14;0;8;0;2;0;0
29/10/2025;Metz;Lens;2;0;H;0;0;D;;13;10;5;7;7;5;2;5;2;2;1;0
29/10/2025;Le Havre;Brest;1;0;H;0;0;D;;12;10;7;7;12;9;5;1;1;3;0;0
29/10/2025;Nice;Lille;2;0;H;1;0;H;;10;13;4;8;10;10;2;13;3;3;0;0
29/10/2025;Nantes;Monaco;3;5;A;2;2;D;;17;18;10;8;11;17;1;3;3;5;0;0
29/10/2025;Marseille;Angers;2;2;D;0;1;A;;9;8;4;2;11;7;1;5;2;1;0;0
29/10/2025;Paris FC;Lyon;3;3;D;0;1;A;;10;7;6;2;20;13;4;2;5;2;1;1
29/10/2025;Strasbourg;Auxerre;3;0;H;0;0;D;;15;4;8;3;4;6;4;3;1;1;0;0
29/10/2025;Toulouse;Rennes;2;2;D;0;0;D;;17;10;12;4;8;12;5;8;2;3;0;0
01/11/2025;Paris SG;Nice;1;0;H;0;0;D;;15;3;7;1;13;5;11;1;3;1;0;0
01/11/2025;Monaco;Paris FC;0;1;A;0;0;D;;9;3;6;2;9;9;3;2;3;2;0;0
01/11/2025;Auxerre;Marseille;0;1;A;0;1;A;;7;6;2;4;12;14;3;3;2;4;1;0
02/11/2025;Rennes;Strasbourg;4;1;H;2;0;H;;10;11;3;9;14;9;6;5;1;1;0;0
02/11/2025;Nantes;Metz;0;2;A;0;0;D;;9;11;5;5;7;9;8;5;1;2;0;0
02/11/2025;Lille;Angers;1;0;H;1;0;H;;10;2;7;1;10;10;9;2;1;1;0;0
02/11/2025;Lens;Lorient;3;0;H;1;0;H;;6;6;0;2;5;6;7;6;2;2;0;0
02/11/2025;Toulouse;Le Havre;0;0;D;0;0;D;;9;8;7;5;13;13;10;2;1;2;0;0
02/11/2025;Brest;Lyon;0;0;D;0;0;D;;9;2;7;1;15;6;12;2;1;1;0;0
07/11/2025;Paris FC;Rennes;0;1;A;0;0;D;;10;7;5;4;8;13;8;9;4;2;0;0
08/11/2025;Marseille;Brest;3;0;H;2;0;H;;15;6;8;2;11;7;6;2;0;1;0;0
08/11/2025;Le Havre;Nantes;1;1;D;0;1;A;;9;1;6;0;15;11;8;3;3;3;0;0
08/11/2025;Monaco;Lens;1;4;A;1;3;A;;7;11;1;3;14;18;5;4;0;2;0;0
09/11/2025;Lorient;Toulouse;1;1;D;1;0;H;;6;3;4;1;2;16;6;4;0;4;0;0
09/11/2025;Angers;Auxerre;2;0;H;0;0;D;;7;9;2;4;20;16;3;3;2;2;0;0
09/11/2025;Metz;Nice;2;1;H;0;1;A;;7;8;5;4;10;15;6;3;2;4;0;0
09/11/2025;Strasbourg;Lille;2;0;H;1;0;H;;4;6;2;3;9;21;1;4;3;4;1;0
09/11/2025;Lyon;Paris SG;2;3;A;1;2;A;;4;8;2;4;8;7;5;5;5;2;0;0
21/11/2025;Nice;Marseille;1;5;A;0;2;A;;7;10;1;1;7;9;8;6;2;1;0;0
22/11/2025;Lens;Strasbourg;1;0;H;0;0;D;;6;4;2;3;9;11;3;1;2;3;1;0
22/11/2025;Rennes;Monaco;4;1;H;1;0;H;;9;5;2;2;2;9;4;6;0;1;0;1
22/11/2025;Paris SG;Le Havre;3;0;H;1;0;H;;19;8;9;5;10;6;6;4;2;1;0;0
23/11/2025;Auxerre;Lyon;0;0;D;0;0;D;;5;10;1;4;7;12;7;11;1;3;0;0
23/11/2025;Nantes;Lorient;1;1;D;0;1;A;;6;6;4;4;17;17;1;1;1;1;0;0
23/11/2025;Brest;Metz;3;2;H;1;1;D;;16;2;10;1;10;7;6;2;2;3;0;0
23/11/2025;Toulouse;Angers;0;1;A;0;1;A;;16;5;10;3;13;15;11;1;2;3;0;0
23/11/2025;Lille;Paris FC;4;2;H;1;1;D;;11;5;1;0;10;9;9;4;1;2;0;0
28/11/2025;Metz;Rennes;0;1;A;0;1;A;;7;6;4;2;8;8;6;3;0;0;0;0
29/11/2025;Monaco;Paris SG;1;0;H;0;0;D;;7;10;2;8;11;13;4;4;3;1;0;0
29/11/2025;Paris FC;Auxerre;1;1;D;1;1;D;;8;7;7;4;12;16;4;3;2;1;0;0
29/11/2025;Marseille;Toulouse;2;2;D;0;1;A;;10;7;7;2;7;10;9;1;2;1;0;0
30/11/2025;Strasbourg;Brest;1;2;A;1;0;H;;11;6;4;3;8;13;5;0;3;3;0;0
30/11/2025;Angers;Lens;1;2;A;0;1;A;;7;14;3;6;9;9;2;8;1;1;0;0
30/11/2025;Lorient;Nice;3;1;H;2;1;H;;12;5;4;2;8;12;3;7;1;2;0;0
30/11/2025;Le Havre;Lille;0;1;A;0;0;D;;6;3;1;2;13;12;6;2;3;3;1;0
30/11/2025;Lyon;Nantes;3;0;H;0;0;D;;12;7;6;4;12;9;7;0;1;2;0;1
05/12/2025;Brest;Monaco;1;0;H;1;0;H;;9;7;6;5;15;11;2;3;2;4;0;0
05/12/2025;Lille;Marseille;1;0;H;1;0;H;;4;2;0;0;9;12;2;5;1;1;0;0
06/12/2025;Nantes;Lens;1;2;A;1;1;D;;5;12;2;8;6;11;1;12;1;1;0;0
06/12/2025;Toulouse;Strasbourg;1;0;H;1;0;H;;4;1;2;1;11;14;1;2;2;3;0;0
06/12/2025;Paris SG;Rennes;5;0;H;2;0;H;;17;4;7;3;10;5;8;6;0;2;0;1
07/12/2025;Nice;Angers;0;1;A;0;1;A;;9;4;8;1;12;7;4;1;1;1;0;0
07/12/2025;Auxerre;Metz;3;1;H;2;1;H;;10;6;3;2;9;11;5;3;2;1;0;0
07/12/2025;Le Havre;Paris FC;0;0;D;0;0;D;;8;7;6;4;9;9;7;2;2;2;0;0
07/12/2025;Lorient;Lyon;1;0;H;1;0;H;;13;9;6;3;12;18;1;7;1;1;2;0
12/12/2025;Angers;Nantes;4;1;H;1;0;H;;14;4;5;0;18;12;6;3;2;2;0;0
13/12/2025;Rennes;Brest;3;1;H;2;1;H;;8;13;1;5;15;22;5;7;2;3;0;0
13/12/2025;Metz;Paris SG;2;3;A;1;2;A;;6;12;1;4;10;10;4;4;1;1;0;0
13/12/2025;Paris FC;Toulouse;0;3;A;0;2;A;;5;6;2;2;10;12;7;4;2;1;0;0
14/12/2025;Auxerre;Lille;3;4;A;0;1;A;;14;5;4;0;20;8;10;3;4;2;2;2
14/12/2025;Lens;Nice;2;0;H;1;0;H;;7;7;2;3;14;11;2;5;0;2;0;0
14/12/2025;Strasbourg;Lorient;0;0;D;0;0;D;;7;8;6;5;6;2;11;3;1;1;0;0
14/12/2025;Marseille;Monaco;1;0;H;0;0;D;;16;10;11;4;7;7;3;7;2;1;0;0
02/01/2026;Toulouse;Lens;0;3;A;0;0;D;;5;13;3;7;15;15;2;8;2;3;0;0
03/01/2026;Monaco;Lyon;1;3;A;1;1;D;;2;11;0;1;14;11;7;2;2;3;1;0
03/01/2026;Nice;Strasbourg;1;1;D;0;1;A;;14;5;8;2;11;12;5;7;1;2;0;0
03/01/2026;Lille;Rennes;0;2;A;0;0;D;;8;9;5;6;3;14;4;7;1;1;0;0
04/01/2026;Marseille;Nantes;0;2;A;0;1;A;;8;10;4;3;15;19;6;3;1;3;3;0
04/01/2026;Lorient;Metz;1;1;D;0;1;A;;10;4;5;2;8;6;3;3;1;1;0;0
04/01/2026;Le Havre;Angers;2;1;H;1;0;H;;12;6;6;2;15;8;6;6;1;1;0;0
04/01/2026;Brest;Auxerre;2;0;H;1;0;H;;7;5;3;4;18;9;7;6;3;2;0;0
04/01/2026;Paris SG;Paris FC;2;1;H;1;0;H;;14;5;8;2;6;4;7;1;1;0;0;0
16/01/2026;Monaco;Lorient;1;3;A;0;0;D;;9;10;4;6;6;2;4;3;1;0;0;0
16/01/2026;Paris SG;Lille;3;0;H;1;0;H;;10;5;3;1;11;6;4;2;0;1;0;0
17/01/2026;Lens;Auxerre;1;0;H;0;0;D;;12;2;6;2;20;20;1;5;2;4;0;0
17/01/2026;Toulouse;Nice;5;1;H;2;0;H;;16;7;5;2;10;17;6;7;1;2;0;0
17/01/2026;Angers;Marseille;2;5;A;1;4;A;;3;17;0;5;6;4;6;2;1;1;0;0
18/01/2026;Strasbourg;Metz;2;1;H;2;1;H;;11;5;4;3;11;12;4;1;2;3;0;0
18/01/2026;Nantes;Paris FC;1;2;A;0;1;A;;3;4;2;2;17;13;1;2;1;3;0;0
18/01/2026;Rennes;Le Havre;1;1;D;0;0;D;;11;5;4;1;17;14;10;6;1;4;0;0
18/01/2026;Lyon;Brest;2;1;H;2;0;H;;8;6;3;2;16;9;5;0;2;0;0;1
23/01/2026;Auxerre;Paris SG;0;1;A;0;0;D;;5;10;5;3;10;12;2;7;0;1;0;0
24/01/2026;Rennes;Lorient;0;2;A;0;1;A;;11;4;7;1;16;6;9;3;2;0;0;0
24/01/2026;Le Havre;Monaco;0;0;D;0;0;D;;4;11;4;8;6;18;5;6;0;3;0;0
24/01/2026;Marseille;Lens;3;1;H;2;0;H;;7;4;2;2;17;15;2;2;0;3;0;0
25/01/2026;Nantes;Nice;1;4;A;1;3;A;;10;8;4;4;12;12;4;2;2;3;0;0
25/01/2026;Metz;Lyon;2;5;A;1;4;A;;7;11;1;1;9;5;6;4;1;0;0;0
25/01/2026;Paris FC;Angers;0;0;D;0;0;D;;7;3;5;2;15;4;2;1;1;1;0;0
25/01/2026;Brest;Toulouse;0;2;A;0;2;A;;6;5;4;1;16;12;3;2;2;3;0;0
25/01/2026;Lille;Strasbourg;1;4;A;0;2;A;;14;11;8;5;8;10;8;1;2;2;0;0
30/01/2026;Lens;Le Havre;1;0;H;1;0;H;;7;1;4;0;15;9;4;3;1;2;0;0
31/01/2026;Paris FC;Marseille;2;2;D;0;1;A;;5;13;2;7;10;13;4;4;1;4;0;0
31/01/2026;Lorient;Nantes;2;1;H;1;0;H;;7;6;2;3;12;17;1;4;4;5;0;0
31/01/2026;Monaco;Rennes;4;0;H;1;0;H;;13;7;5;2;15;10;5;2;1;2;0;0